Name,Household Income Total,Income 100000 to 124999,Income 125000 to 149999,Income 150000 to 199999,Income 200000 or more,Total Children Under 18y,Total Children Under 18 in Married,Total 5y,Total 6 to 11y,Total 12 to 17y,Total Children in Other Families,Total Children Under 18 w/Male Housholder,Total 5y w/Male Housholder,Total 6 to 11y w/Male Housholder,Total 12 to 17y w/Male Housholder,Total Children Under 18 w/Female Housholder,Total 5y w/Female Housholder,Total 6 to 11y w/Female Housholder,Total 12 to 17y w/Female Housholder,State,County,Tract
Census Tract 1; San Diego County; California,1150,59,97,99,514,649,632,29,186,107,17,6,0,0,6,11,0,11,0,06,073,000100
Census Tract 2.01; San Diego County; California,1187,48,76,188,236,368,295,31,85,114,73,56,0,47,9,17,0,0,0,06,073,000201
Census Tract 2.02; San Diego County; California,2273,425,148,173,381,296,139,0,64,38,157,82,0,14,68,75,0,15,50,06,073,000202
Census Tract 3.01; San Diego County; California,1339,146,169,26,216,147,147,0,50,31,0,0,0,0,0,0,0,0,0,06,073,000301
Census Tract 3.02; San Diego County; California,1625,145,47,154,311,107,37,0,13,0,70,0,0,0,0,70,0,0,0,06,073,000302
Census Tract 4; San Diego County; California,2197,109,202,185,206,21,21,0,0,0,0,0,0,0,0,0,0,0,0,06,073,000400
Census Tract 5; San Diego County; California,1602,157,180,150,290,340,285,31,51,32,55,0,0,0,0,55,0,0,55,06,073,000500
Census Tract 6; San Diego County; California,1780,288,61,217,220,267,267,27,42,120,0,0,0,0,0,0,0,0,0,06,073,000600
Census Tract 7; San Diego County; California,2507,401,389,248,118,348,220,63,20,0,128,0,0,0,0,128,0,22,46,06,073,000700
Census Tract 8; San Diego County; California,2728,295,254,312,204,510,365,28,72,100,145,68,0,42,0,77,0,77,0,06,073,000800
Census Tract 9.01; San Diego County; California,1863,225,203,232,86,153,137,0,0,62,16,16,0,16,0,0,0,0,0,06,073,000901
Census Tract 9.02; San Diego County; California,1457,144,23,170,14,113,33,0,33,0,80,41,0,0,41,39,0,0,0,06,073,000902
Census Tract 10; San Diego County; California,2343,213,225,126,186,511,375,19,128,30,136,0,0,0,0,136,0,48,12,06,073,001000
Census Tract 11; San Diego County; California,1679,243,150,155,91,297,212,0,3,81,85,28,0,6,22,57,0,0,20,06,073,001100
Census Tract 12.01; San Diego County; California,1251,137,98,232,30,380,315,12,87,48,65,0,0,0,0,65,0,23,42,06,073,001201
Census Tract 12.02; San Diego County; California,1708,157,266,71,128,162,98,0,33,0,64,0,0,0,0,64,34,11,19,06,073,001202
Census Tract 13.01; San Diego County; California,1530,196,161,105,199,240,124,38,19,0,116,5,0,5,0,111,0,0,62,06,073,001301
Census Tract 13.02; San Diego County; California,2039,110,187,386,40,99,0,0,0,0,99,0,0,0,0,99,0,0,99,06,073,001302
Census Tract 14; San Diego County; California,1860,261,67,120,225,365,300,8,86,8,65,15,0,0,15,50,0,17,14,06,073,001400
Census Tract 15; San Diego County; California,2000,171,268,226,258,341,247,11,25,31,94,0,0,0,0,94,6,45,24,06,073,001500
Census Tract 16; San Diego County; California,2443,269,93,47,25,998,600,38,270,87,398,76,0,28,0,322,0,185,88,06,073,001600
Census Tract 17; San Diego County; California,2401,440,101,175,119,580,352,0,56,130,228,102,0,0,69,126,0,41,85,06,073,001700
Census Tract 18.01; San Diego County; California,878,158,80,19,9,336,100,0,33,0,236,69,0,0,0,167,0,75,92,06,073,001801
Census Tract 18.02; San Diego County; California,1732,126,52,133,70,136,80,9,48,0,56,0,0,0,0,56,16,29,11,06,073,001802
Census Tract 19; San Diego County; California,1443,157,135,212,284,246,246,33,39,10,0,0,0,0,0,0,0,0,0,06,073,001900
Census Tract 20.01; San Diego County; California,1392,98,101,232,603,401,380,11,86,123,21,7,0,0,7,14,0,0,14,06,073,002001
Census Tract 20.02; San Diego County; California,1120,104,156,232,241,375,242,4,43,90,133,60,0,18,42,73,0,0,0,06,073,002002
Census Tract 21; San Diego County; California,2443,315,257,328,133,535,291,5,58,111,244,90,0,0,71,154,0,46,108,06,073,002100
Census Tract 22.01; San Diego County; California,1386,88,23,0,46,722,463,52,214,173,259,9,0,0,0,250,0,129,74,06,073,002201
Census Tract 22.02; San Diego County; California,1698,60,34,40,33,1303,650,24,214,250,653,215,0,119,0,438,25,169,120,06,073,002202
Census Tract 23.01; San Diego County; California,1335,82,78,110,66,502,337,0,131,122,165,31,31,0,0,134,0,68,0,06,073,002301
Census Tract 23.02; San Diego County; California,2117,41,50,264,0,954,609,47,244,144,345,0,0,0,0,345,0,159,14,06,073,002302
Census Tract 24.01; San Diego County; California,1668,67,132,135,85,1081,553,42,218,164,528,45,0,0,28,483,0,71,374,06,073,002401
Census Tract 24.02; San Diego County; California,1696,135,30,16,8,1040,799,52,273,365,241,0,0,0,0,241,0,114,76,06,073,002402
Census Tract 25.01; San Diego County; California,1457,144,59,85,45,930,448,36,163,138,482,23,0,0,23,459,38,245,86,06,073,002501
Census Tract 25.02; San Diego County; California,2341,301,221,172,128,1617,825,15,316,300,792,182,0,79,34,610,35,234,250,06,073,002502
Census Tract 26.01; San Diego County; California,1488,101,42,39,0,1355,745,37,259,227,610,82,0,0,82,528,30,175,167,06,073,002601
Census Tract 26.02; San Diego County; California,1379,125,37,47,22,1179,608,20,175,285,571,85,0,45,25,486,25,168,152,06,073,002602
Census Tract 27.02; San Diego County; California,1910,182,209,139,192,1229,1038,0,455,367,191,12,0,2,0,179,0,106,58,06,073,002702
Census Tract 27.03; San Diego County; California,2240,295,210,180,188,877,624,15,201,243,253,38,0,19,0,215,0,14,201,06,073,002703
Census Tract 27.05; San Diego County; California,1488,89,51,72,20,559,374,13,138,95,185,26,0,0,26,159,0,25,134,06,073,002705
Census Tract 27.07; San Diego County; California,1515,260,34,6,25,1265,1076,30,346,350,189,32,13,19,0,157,0,40,110,06,073,002707
Census Tract 27.08; San Diego County; California,1883,80,0,0,12,1325,583,35,147,254,742,154,13,71,17,588,60,220,203,06,073,002708
Census Tract 27.09; San Diego County; California,1196,81,29,29,4,1300,437,28,189,160,863,0,0,0,0,863,0,415,354,06,073,002709
Census Tract 27.10; San Diego County; California,1148,142,30,30,39,878,619,54,339,101,259,43,0,12,19,216,0,54,119,06,073,002710
Census Tract 27.11; San Diego County; California,969,92,47,57,35,875,663,38,237,126,212,19,0,19,0,193,0,91,60,06,073,002711
Census Tract 27.12; San Diego County; California,1781,166,87,98,74,1126,780,49,318,236,346,21,0,0,16,325,79,71,112,06,073,002712
Census Tract 28.01; San Diego County; California,664,60,19,49,77,172,114,8,69,0,58,49,0,15,16,9,0,0,9,06,073,002801
Census Tract 28.03; San Diego County; California,2230,153,183,72,240,436,318,64,129,34,118,41,0,0,19,77,0,22,19,06,073,002803
Census Tract 28.04; San Diego County; California,1489,153,68,170,193,480,369,25,161,92,111,0,0,0,0,111,29,70,0,06,073,002804
Census Tract 29.02; San Diego County; California,2360,102,122,152,181,848,613,28,209,121,235,0,0,0,0,235,0,99,63,06,073,002902
Census Tract 29.03; San Diego County; California,1569,175,87,73,82,804,676,0,269,106,128,4,0,0,0,124,20,37,12,06,073,002903
Census Tract 29.04; San Diego County; California,2436,109,69,84,176,673,331,0,35,75,342,55,0,0,0,287,0,50,116,06,073,002904
Census Tract 29.05; San Diego County; California,1812,204,109,178,35,552,232,32,87,42,320,0,0,0,0,320,0,121,87,06,073,002905
Census Tract 30.01; San Diego County; California,1214,152,198,86,106,829,677,89,137,221,152,75,0,0,0,77,0,15,45,06,073,003001
Census Tract 30.03; San Diego County; California,1533,111,210,135,80,823,487,109,174,104,336,61,0,0,61,275,18,76,161,06,073,003003
Census Tract 30.04; San Diego County; California,1470,174,96,50,60,1172,688,0,194,320,484,17,0,0,17,467,26,145,184,06,073,003004
Census Tract 31.01; San Diego County; California,1050,88,78,123,23,777,576,27,207,177,201,173,15,51,107,28,0,0,28,06,073,003101
Census Tract 31.03; San Diego County; California,1671,223,94,206,59,749,515,7,128,215,234,53,0,21,17,181,34,16,50,06,073,003103
Census Tract 31.05; San Diego County; California,1307,280,96,126,66,771,692,13,318,34,79,9,0,0,9,70,35,35,0,06,073,003105
Census Tract 31.07; San Diego County; California,1540,166,184,135,85,707,481,0,155,302,226,59,0,0,0,167,0,87,58,06,073,003107
Census Tract 31.08; San Diego County; California,998,182,89,104,87,609,419,39,185,91,190,20,0,7,0,170,0,57,71,06,073,003108
Census Tract 31.09; San Diego County; California,879,197,89,114,65,471,377,99,61,58,94,0,0,0,0,94,0,0,94,06,073,003109
Census Tract 31.11; San Diego County; California,1845,174,50,61,143,1626,707,68,226,183,919,110,18,35,36,809,65,271,363,06,073,003111
Census Tract 31.12; San Diego County; California,1097,157,138,98,18,1059,840,114,282,267,219,76,0,0,76,143,0,112,31,06,073,003112
Census Tract 31.13; San Diego County; California,1149,111,92,168,163,613,458,0,156,168,155,21,0,10,11,134,14,70,50,06,073,003113
Census Tract 31.14; San Diego County; California,873,104,102,77,65,398,341,65,133,94,57,43,8,0,0,14,0,0,14,06,073,003114
Census Tract 31.15; San Diego County; California,1704,238,187,114,136,917,676,54,274,219,241,48,0,21,4,193,9,120,32,06,073,003115
Census Tract 32.01; San Diego County; California,1451,189,155,94,152,1456,925,12,319,209,531,25,0,0,25,506,73,71,91,06,073,003201
Census Tract 32.02; San Diego County; California,1296,153,104,90,37,669,485,26,186,128,184,81,27,16,6,103,0,45,58,06,073,003202
Census Tract 32.04; San Diego County; California,1037,101,144,98,84,418,335,12,85,64,83,0,0,0,0,83,0,0,67,06,073,003204
Census Tract 32.07; San Diego County; California,2209,293,242,301,396,998,872,154,331,191,126,67,0,25,42,59,0,20,39,06,073,003207
Census Tract 32.08; San Diego County; California,1915,366,98,98,32,1716,903,141,359,318,813,371,0,115,195,442,66,154,204,06,073,003208
Census Tract 32.09; San Diego County; California,1847,187,130,161,81,866,602,4,239,254,264,77,8,43,3,187,0,68,105,06,073,003209
Census Tract 32.11; San Diego County; California,884,94,97,93,46,616,494,30,227,149,122,17,0,0,0,105,5,5,73,06,073,003211
Census Tract 32.12; San Diego County; California,996,196,148,79,95,600,447,23,153,248,153,28,0,0,14,125,0,31,94,06,073,003212
Census Tract 32.13; San Diego County; California,946,129,123,172,167,444,344,10,150,100,100,0,0,0,0,100,0,41,41,06,073,003213
Census Tract 32.14; San Diego County; California,1692,172,199,50,91,855,508,71,305,32,347,21,0,0,10,326,0,200,101,06,073,003214
Census Tract 33.01; San Diego County; California,988,80,41,36,22,1136,773,77,262,233,363,24,0,12,12,339,0,156,37,06,073,003301
Census Tract 33.03; San Diego County; California,1391,70,75,43,0,1222,837,77,229,349,385,20,0,0,20,365,18,125,104,06,073,003303
Census Tract 33.04; San Diego County; California,1071,61,41,6,14,918,483,16,241,166,435,6,0,0,6,429,16,187,173,06,073,003304
Census Tract 33.05; San Diego County; California,1728,29,34,98,99,1809,1051,109,365,371,758,52,0,9,19,706,39,226,290,06,073,003305
Census Tract 34.01; San Diego County; California,2161,127,149,179,109,647,397,26,140,42,250,0,0,0,0,250,49,72,79,06,073,003401
Census Tract 34.03; San Diego County; California,1066,124,115,36,42,702,376,0,120,138,326,128,0,68,60,198,0,126,43,06,073,003403
Census Tract 34.04; San Diego County; California,1121,55,62,34,93,1168,877,27,346,371,291,144,0,38,106,147,11,17,92,06,073,003404
Census Tract 35.01; San Diego County; California,1065,158,20,30,0,714,334,27,76,123,380,53,0,0,53,327,0,142,163,06,073,003501
Census Tract 35.02; San Diego County; California,1244,123,4,77,37,846,568,38,245,149,278,63,0,17,6,215,18,109,39,06,073,003502
Census Tract 36.01; San Diego County; California,746,21,43,119,0,929,747,29,279,305,182,0,0,0,0,182,0,117,37,06,073,003601
Census Tract 36.02; San Diego County; California,813,93,54,46,9,994,574,79,154,222,420,126,0,15,49,294,21,87,56,06,073,003602
Census Tract 36.03; San Diego County; California,949,71,29,17,31,472,230,0,61,105,242,46,0,17,8,196,19,16,103,06,073,003603
Census Tract 38; San Diego County; California,0,0,0,0,0,0,0,0,0,0,0,0,0,0,0,0,0,0,0,06,073,003800
Census Tract 39.01; San Diego County; California,1100,107,46,53,0,1097,693,13,196,339,404,69,0,35,24,335,0,64,200,06,073,003901
Census Tract 39.02; San Diego County; California,1478,138,21,8,56,1062,555,0,163,234,507,153,0,76,59,354,31,147,28,06,073,003902
Census Tract 40; San Diego County; California,1119,118,69,10,0,1070,532,0,175,230,538,20,0,10,0,518,0,222,179,06,073,004000
Census Tract 41.01; San Diego County; California,2212,171,214,121,135,619,264,22,115,65,355,200,0,117,83,155,39,21,36,06,073,004101
Census Tract 41.02; San Diego County; California,808,175,58,16,12,331,331,41,159,48,0,0,0,0,0,0,0,0,0,06,073,004102
Census Tract 42; San Diego County; California,2046,197,424,346,399,1175,974,33,284,257,201,118,62,56,0,83,0,83,0,06,073,004200
Census Tract 43; San Diego County; California,1862,177,169,163,215,577,396,37,129,75,181,0,0,0,0,181,12,48,86,06,073,004300
Census Tract 44; San Diego County; California,1738,78,147,88,328,594,395,0,80,38,199,142,0,72,70,57,0,38,19,06,073,004400
Census Tract 45.01; San Diego County; California,1352,239,49,45,62,232,118,16,21,36,114,56,0,34,0,58,0,0,58,06,073,004501
Census Tract 46; San Diego County; California,1000,98,80,88,25,135,92,0,22,0,43,0,0,0,0,43,0,13,12,06,073,004600
Census Tract 47; San Diego County; California,715,57,25,40,44,170,57,0,18,0,113,82,0,62,20,31,11,12,8,06,073,004700
Census Tract 48; San Diego County; California,1329,196,4,9,10,704,196,65,42,43,508,159,0,10,127,349,0,140,98,06,073,004800
Census Tract 49; San Diego County; California,1581,130,63,66,124,1132,702,197,148,201,430,114,33,0,37,316,0,126,62,06,073,004900
Census Tract 50; San Diego County; California,696,31,4,31,0,585,304,59,54,89,281,0,0,0,0,281,15,90,71,06,073,005000
Census Tract 51.01; San Diego County; California,927,0,90,40,0,530,444,0,148,155,86,0,0,0,0,86,0,0,33,06,073,005101
Census Tract 51.02; San Diego County; California,2721,244,184,332,302,90,90,0,0,0,0,0,0,0,0,0,0,0,0,06,073,005102
Census Tract 51.03; San Diego County; California,685,40,64,0,0,360,263,0,54,147,97,0,0,0,0,97,0,0,97,06,073,005103
Census Tract 52.01; San Diego County; California,1908,263,159,194,135,129,20,0,0,0,109,39,0,0,39,70,17,34,0,06,073,005201
Census Tract 52.02; San Diego County; California,3043,136,347,111,216,327,131,0,0,0,196,0,0,0,0,196,0,92,0,06,073,005202
Census Tract 53.01; San Diego County; California,1761,176,102,76,247,69,8,0,0,0,61,0,0,0,0,61,0,10,51,06,073,005301
Census Tract 53.02; San Diego County; California,1107,21,64,94,192,115,104,0,19,35,11,0,0,0,0,11,0,6,5,06,073,005302
Census Tract 54.01; San Diego County; California,1153,49,27,251,313,218,0,0,0,0,218,0,0,0,0,218,0,105,0,06,073,005401
Census Tract 54.02; San Diego County; California,2339,198,264,310,709,104,71,0,0,0,33,0,0,0,0,33,0,0,33,06,073,005402
Census Tract 54.03; San Diego County; California,1494,0,133,130,494,31,31,0,0,31,0,0,0,0,0,0,0,0,0,06,073,005403
Census Tract 55; San Diego County; California,0,0,0,0,0,0,0,0,0,0,0,0,0,0,0,0,0,0,0,06,073,005500
Census Tract 56.01; San Diego County; California,1708,131,134,85,287,265,232,0,0,151,33,0,0,0,0,33,0,33,0,06,073,005601
Census Tract 56.02; San Diego County; California,1382,114,89,234,111,69,69,0,0,0,0,0,0,0,0,0,0,0,0,06,073,005602
Census Tract 57; San Diego County; California,865,120,37,66,30,41,26,0,8,0,15,0,0,0,0,15,0,0,0,06,073,005700
Census Tract 58.01; San Diego County; California,1082,82,133,80,176,96,96,0,70,17,0,0,0,0,0,0,0,0,0,06,073,005801
Census Tract 58.02; San Diego County; California,1639,301,307,252,243,23,8,0,0,0,15,15,0,0,0,0,0,0,0,06,073,005802
Census Tract 59; San Diego County; California,1974,168,185,167,169,62,43,0,11,6,19,0,0,0,0,19,0,0,19,06,073,005900
Census Tract 60; San Diego County; California,2232,163,321,171,495,165,165,0,0,28,0,0,0,0,0,0,0,0,0,06,073,006000
Census Tract 61; San Diego County; California,1063,85,64,177,204,298,178,0,29,41,120,27,0,0,0,93,0,37,56,06,073,006100
Census Tract 62; San Diego County; California,0,0,0,0,0,0,0,0,0,0,0,0,0,0,0,0,0,0,0,06,073,006200
Census Tract 63; San Diego County; California,0,0,0,0,0,0,0,0,0,0,0,0,0,0,0,0,0,0,0,06,073,006300
Census Tract 65; San Diego County; California,1579,163,97,135,128,301,270,0,111,32,31,27,0,0,27,4,0,0,4,06,073,006500
Census Tract 66; San Diego County; California,486,30,40,13,21,860,826,66,289,107,34,10,0,0,0,24,0,3,0,06,073,006600
Census Tract 68.01; San Diego County; California,1559,126,326,94,29,458,141,0,42,15,317,187,53,48,29,130,0,56,61,06,073,006801
Census Tract 68.02; San Diego County; California,2643,522,226,263,187,702,490,37,142,98,212,0,0,0,0,212,0,112,67,06,073,006802
Census Tract 69; San Diego County; California,2047,286,125,191,592,1301,1200,101,365,644,101,24,0,0,0,77,0,25,26,06,073,006900
Census Tract 70.02; San Diego County; California,1259,129,82,199,516,521,424,31,145,159,97,54,0,24,30,43,0,25,18,06,073,007002
Census Tract 71; San Diego County; California,2215,225,96,490,588,576,422,53,173,47,154,91,0,91,0,63,0,20,43,06,073,007100
Census Tract 72; San Diego County; California,1461,111,41,285,489,792,763,55,247,165,29,10,0,0,10,19,0,0,19,06,073,007200
Census Tract 73.02; San Diego County; California,972,91,60,177,331,611,427,11,102,147,184,167,0,146,21,17,4,13,0,06,073,007302
Census Tract 73.03; San Diego County; California,894,94,17,122,269,142,142,0,30,0,0,0,0,0,0,0,0,0,0,06,073,007303
Census Tract 73.04; San Diego County; California,2017,503,99,182,154,193,103,0,42,61,90,0,0,0,0,90,0,22,0,06,073,007304
Census Tract 74.01; San Diego County; California,1532,165,167,212,68,588,339,0,128,16,249,32,0,15,0,217,29,48,94,06,073,007401
Census Tract 74.02; San Diego County; California,1525,216,101,199,256,965,906,23,165,87,59,59,0,29,0,0,0,0,0,06,073,007402
Census Tract 75.01; San Diego County; California,2092,207,155,240,156,275,161,20,0,10,114,75,0,38,16,39,0,0,12,06,073,007501
Census Tract 75.02; San Diego County; California,1782,279,91,98,164,248,151,8,23,50,97,22,0,12,0,75,9,0,0,06,073,007502
Census Tract 76.01; San Diego County; California,1235,172,70,66,169,20,20,0,9,5,0,0,0,0,0,0,0,0,0,06,073,007601
Census Tract 76.02; San Diego County; California,987,186,32,155,42,77,0,0,0,0,77,0,0,0,0,77,0,40,37,06,073,007602
Census Tract 77.01; San Diego County; California,2084,354,127,283,267,157,51,0,0,0,106,74,0,0,28,32,0,0,32,06,073,007701
Census Tract 77.02; San Diego County; California,1819,73,264,148,306,238,150,0,29,41,88,73,0,0,52,15,0,15,0,06,073,007702
Census Tract 78; San Diego County; California,2643,242,410,144,207,1143,971,99,316,187,172,63,0,63,0,109,0,0,109,06,073,007800
Census Tract 79.05; San Diego County; California,1311,214,208,128,102,194,118,0,82,0,76,48,0,19,0,28,0,0,28,06,073,007905
Census Tract 79.07; San Diego County; California,1621,181,107,308,125,240,169,17,49,25,71,49,0,13,36,22,0,0,22,06,073,007907
Census Tract 79.08; San Diego County; California,1549,242,78,134,153,326,290,36,61,40,36,9,0,0,9,27,0,10,17,06,073,007908
Census Tract 79.10; San Diego County; California,1518,216,168,151,110,146,76,19,11,0,70,0,0,0,0,70,0,27,24,06,073,007910
Census Tract 79.11; San Diego County; California,1208,64,46,230,132,180,180,12,0,91,0,0,0,0,0,0,0,0,0,06,073,007911
Census Tract 79.12; San Diego County; California,847,71,81,101,104,162,99,0,0,51,63,0,0,0,0,63,0,0,0,06,073,007912
Census Tract 80.02; San Diego County; California,1039,50,132,163,356,517,469,47,211,73,48,10,0,0,10,38,0,0,38,06,073,008002
Census Tract 80.03; San Diego County; California,1804,204,146,144,630,280,251,0,54,19,29,0,0,0,0,29,0,20,9,06,073,008003
Census Tract 80.06; San Diego County; California,1819,250,291,178,317,480,282,0,49,92,198,41,11,8,22,157,8,121,9,06,073,008006
Census Tract 81.01; San Diego County; California,1676,129,52,197,295,398,366,30,133,36,32,32,0,11,21,0,0,0,0,06,073,008101
Census Tract 81.02; San Diego County; California,1296,93,99,184,554,708,542,8,240,135,166,30,0,13,17,136,0,0,136,06,073,008102
Census Tract 82.01; San Diego County; California,997,38,76,102,325,457,400,0,66,39,57,21,0,0,21,36,0,6,21,06,073,008201
Census Tract 82.02; San Diego County; California,670,28,57,83,158,7,7,0,7,0,0,0,0,0,0,0,0,0,0,06,073,008202
Census Tract 83.01; San Diego County; California,1243,95,50,86,657,604,595,83,250,80,9,0,0,0,0,9,0,0,9,06,073,008301
Census Tract 83.03; San Diego County; California,1368,113,85,135,664,634,566,85,252,169,68,0,0,0,0,68,0,34,34,06,073,008303
Census Tract 83.05; San Diego County; California,416,19,4,11,12,185,117,4,25,3,68,0,0,0,0,68,0,18,39,06,073,008305
Census Tract 83.06; San Diego County; California,995,118,29,83,544,551,389,32,223,54,162,5,0,0,0,157,0,72,54,06,073,008306
Census Tract 83.07; San Diego County; California,1604,65,78,220,474,870,772,160,256,122,98,35,6,12,17,63,0,20,22,06,073,008307
Census Tract 83.10; San Diego County; California,2295,113,321,152,949,1123,981,110,274,338,142,108,0,55,53,34,0,34,0,06,073,008310
Census Tract 83.11; San Diego County; California,1083,80,91,98,567,504,433,8,145,211,71,11,0,11,0,60,0,40,0,06,073,008311
Census Tract 83.12; San Diego County; California,1628,104,166,147,504,618,484,36,131,222,134,10,0,10,0,124,0,40,84,06,073,008312
Census Tract 83.13; San Diego County; California,799,77,45,69,427,540,534,0,164,239,6,2,0,2,0,4,0,2,2,06,073,008313
Census Tract 83.24; San Diego County; California,2856,276,223,382,1454,1093,1016,69,273,277,77,58,0,0,58,19,0,19,0,06,073,008324
Census Tract 83.27; San Diego County; California,2415,145,224,381,923,1236,982,20,270,338,254,59,0,47,12,195,0,28,144,06,073,008327
Census Tract 83.28; San Diego County; California,2330,67,172,213,1327,2260,1812,18,639,732,448,116,0,17,70,332,0,132,200,06,073,008328
Census Tract 83.30; San Diego County; California,1745,246,137,270,619,1431,1208,36,733,141,223,31,14,17,0,192,0,94,64,06,073,008330
Census Tract 83.31; San Diego County; California,931,40,66,207,437,651,583,23,206,275,68,11,0,6,5,57,14,37,6,06,073,008331
Census Tract 83.36; San Diego County; California,700,61,67,184,245,453,427,41,160,176,26,6,0,0,6,20,0,7,13,06,073,008336
Census Tract 83.37; San Diego County; California,1491,151,159,267,563,1188,1188,23,344,529,0,0,0,0,0,0,0,0,0,06,073,008337
Census Tract 83.39; San Diego County; California,755,97,31,36,108,124,106,9,19,12,18,0,0,0,0,18,5,6,7,06,073,008339
Census Tract 83.43; San Diego County; California,1779,202,114,126,122,558,469,20,138,42,89,70,0,11,0,19,0,0,19,06,073,008343
Census Tract 83.44; San Diego County; California,1200,197,138,135,376,730,589,31,140,313,141,34,0,23,11,107,9,9,85,06,073,008344
Census Tract 83.45; San Diego County; California,1864,176,130,178,331,801,743,22,318,316,58,0,0,0,0,58,0,9,49,06,073,008345
Census Tract 83.46; San Diego County; California,1609,194,162,326,600,883,822,64,156,129,61,0,0,0,0,61,0,8,53,06,073,008346
Census Tract 83.47; San Diego County; California,2057,259,222,310,541,1222,1189,52,397,275,33,16,0,0,16,17,0,17,0,06,073,008347
Census Tract 83.48; San Diego County; California,1629,202,193,285,269,646,579,56,244,109,67,67,0,25,42,0,0,0,0,06,073,008348
Census Tract 83.49; San Diego County; California,1067,131,172,133,202,585,531,100,139,80,54,44,29,0,15,10,0,0,7,06,073,008349
Census Tract 83.50; San Diego County; California,2131,297,195,414,296,1295,1087,44,149,348,208,27,0,13,14,181,0,88,36,06,073,008350
Census Tract 83.51; San Diego County; California,1369,243,99,383,126,766,750,8,200,263,16,0,0,0,0,16,0,0,7,06,073,008351
Census Tract 83.52; San Diego County; California,988,153,107,153,106,449,397,53,149,60,52,13,13,0,0,39,0,9,14,06,073,008352
Census Tract 83.53; San Diego County; California,1575,161,82,284,324,899,749,27,251,236,150,0,0,0,0,150,0,104,0,06,073,008353
Census Tract 83.55; San Diego County; California,894,104,79,225,156,512,410,23,147,64,102,62,0,6,4,40,0,0,10,06,073,008355
Census Tract 83.56; San Diego County; California,1418,165,264,99,161,950,906,106,387,239,44,0,0,0,0,44,0,6,19,06,073,008356
Census Tract 83.57; San Diego County; California,1450,268,169,144,141,690,525,27,134,112,165,121,14,26,30,44,0,22,22,06,073,008357
Census Tract 83.58; San Diego County; California,2137,343,293,189,343,979,921,76,354,356,58,0,0,0,0,58,0,13,34,06,073,008358
Census Tract 83.59; San Diego County; California,1814,132,89,104,135,671,492,8,174,61,179,82,0,49,33,97,0,12,34,06,073,008359
Census Tract 83.60; San Diego County; California,2420,254,95,310,260,1468,1312,47,573,280,156,52,36,0,0,104,0,24,48,06,073,008360
Census Tract 83.61; San Diego County; California,1397,95,65,282,64,208,158,14,38,42,50,8,0,0,8,42,0,42,0,06,073,008361
Census Tract 83.62; San Diego County; California,1544,133,211,187,271,658,367,32,92,51,291,208,0,23,185,83,0,22,43,06,073,008362
Census Tract 83.63; San Diego County; California,1919,178,84,49,59,400,348,14,101,55,52,9,0,0,9,43,0,28,15,06,073,008363
Census Tract 83.64; San Diego County; California,2481,342,214,365,115,371,311,0,60,86,60,0,0,0,0,60,0,20,40,06,073,008364
Census Tract 83.65; San Diego County; California,938,40,87,186,401,542,467,18,169,190,75,22,0,18,4,53,0,40,8,06,073,008365
Census Tract 83.66; San Diego County; California,2346,166,95,450,1059,1858,1708,61,811,560,150,50,0,0,50,100,0,30,51,06,073,008366
Census Tract 83.67; San Diego County; California,1149,94,42,186,316,716,683,0,281,138,33,33,0,0,33,0,0,0,0,06,073,008367
Census Tract 83.68; San Diego County; California,1909,114,184,272,898,1746,1493,16,459,667,253,58,0,44,14,195,58,90,31,06,073,008368
Census Tract 83.69; San Diego County; California,1775,233,24,358,578,846,666,0,445,160,180,31,0,0,31,149,0,40,34,06,073,008369
Census Tract 83.70; San Diego County; California,1698,337,142,241,443,772,675,53,163,148,97,83,0,15,68,14,0,0,14,06,073,008370
Census Tract 83.71; San Diego County; California,1395,277,263,105,420,965,579,33,96,216,386,0,0,0,0,386,0,386,0,06,073,008371
Census Tract 83.72; San Diego County; California,1296,56,117,169,693,1203,1076,40,609,336,127,0,0,0,0,127,0,51,28,06,073,008372
Census Tract 83.73; San Diego County; California,1335,0,140,311,389,548,483,31,189,221,65,0,0,0,0,65,0,0,65,06,073,008373
Census Tract 83.74; San Diego County; California,1177,25,56,217,831,1416,1192,47,406,610,224,72,0,0,72,152,0,76,76,06,073,008374
Census Tract 83.75; San Diego County; California,1998,273,247,178,409,455,304,0,29,90,151,29,0,0,29,122,0,0,0,06,073,008375
Census Tract 83.76; San Diego County; California,2599,258,315,325,563,640,367,0,197,85,273,228,0,0,193,45,0,45,0,06,073,008376
Census Tract 83.77; San Diego County; California,974,101,64,67,43,99,89,8,23,0,10,0,0,0,0,10,0,0,0,06,073,008377
Census Tract 83.78; San Diego County; California,388,36,32,60,12,24,24,12,12,0,0,0,0,0,0,0,0,0,0,06,073,008378
Census Tract 83.79; San Diego County; California,1829,123,235,124,103,308,210,15,28,14,98,94,0,47,47,4,0,0,0,06,073,008379
Census Tract 83.80; San Diego County; California,2615,256,315,356,324,1118,939,43,355,245,179,20,0,0,3,159,11,71,77,06,073,008380
Census Tract 83.81; San Diego County; California,1053,92,137,141,358,327,327,0,64,36,0,0,0,0,0,0,0,0,0,06,073,008381
Census Tract 85.01; San Diego County; California,2112,201,111,347,483,1294,1062,14,239,364,232,16,0,0,0,216,3,86,42,06,073,008501
Census Tract 85.02; San Diego County; California,2489,250,172,571,307,1398,1089,43,340,529,309,148,0,0,19,161,47,66,48,06,073,008502
Census Tract 85.03; San Diego County; California,3018,464,226,160,698,1357,680,31,272,212,677,37,0,0,0,640,46,49,545,06,073,008503
Census Tract 85.04; San Diego County; California,2261,177,608,357,230,1246,1053,189,88,230,193,60,0,31,29,133,0,80,53,06,073,008504
Census Tract 85.05; San Diego County; California,1981,185,155,252,267,658,582,13,281,200,76,62,0,0,14,14,0,0,14,06,073,008505
Census Tract 85.06; San Diego County; California,1585,292,110,197,228,754,521,35,101,201,233,45,0,0,45,188,10,90,49,06,073,008506
Census Tract 85.07; San Diego County; California,2728,148,220,411,354,1231,829,77,214,197,402,102,0,38,20,300,0,43,176,06,073,008507
Census Tract 85.09; San Diego County; California,2679,331,386,333,319,875,825,18,204,221,50,0,0,0,0,50,0,50,0,06,073,008509
Census Tract 85.10; San Diego County; California,2520,301,160,141,255,1067,671,78,195,164,396,60,0,60,0,336,0,77,107,06,073,008510
Census Tract 85.11; San Diego County; California,2359,532,198,321,210,465,362,20,92,107,103,27,0,0,27,76,0,17,38,06,073,008511
Census Tract 85.12; San Diego County; California,1519,202,87,240,306,761,605,19,228,109,156,10,0,10,0,146,0,58,88,06,073,008512
Census Tract 85.13; San Diego County; California,1129,102,128,211,207,529,422,42,125,134,107,62,20,42,0,45,0,12,26,06,073,008513
Census Tract 86; San Diego County; California,2192,224,262,115,58,1466,960,56,397,273,506,107,0,37,9,399,0,216,124,06,073,008600
Census Tract 87.01; San Diego County; California,1237,228,95,115,1,667,587,41,153,100,80,48,0,26,22,32,0,0,0,06,073,008701
Census Tract 87.02; San Diego County; California,1733,247,223,136,142,512,419,12,94,201,93,0,0,0,0,93,0,9,84,06,073,008702
Census Tract 88; San Diego County; California,1994,256,179,204,68,1165,786,66,334,304,379,0,0,0,0,379,24,231,44,06,073,008800
Census Tract 89.01; San Diego County; California,2319,255,96,299,98,664,311,0,123,93,353,131,14,0,117,222,0,122,100,06,073,008901
Census Tract 89.02; San Diego County; California,1581,154,215,163,194,167,118,0,11,27,49,17,0,17,0,32,0,0,32,06,073,008902
Census Tract 90; San Diego County; California,1415,128,215,177,99,521,332,29,65,144,189,42,42,0,0,147,0,111,0,06,073,009000
Census Tract 91.01; San Diego County; California,2244,402,224,264,413,652,596,66,229,107,56,29,0,0,29,27,0,0,27,06,073,009101
Census Tract 91.02; San Diego County; California,2018,183,83,141,41,320,144,5,18,50,176,79,0,31,0,97,8,32,11,06,073,009102
Census Tract 91.03; San Diego County; California,1595,154,77,272,422,838,770,102,210,180,68,53,0,9,44,15,0,7,8,06,073,009103
Census Tract 91.04; San Diego County; California,1107,178,157,35,306,502,384,10,168,65,118,56,0,20,36,62,0,22,28,06,073,009104
Census Tract 91.07; San Diego County; California,2163,297,179,162,99,326,184,19,26,22,142,0,0,0,0,142,0,73,69,06,073,009107
Census Tract 91.08; San Diego County; California,856,45,85,103,127,401,317,5,103,89,84,10,0,7,3,74,0,0,74,06,073,009108
Census Tract 91.09; San Diego County; California,39,0,0,5,5,16,16,5,11,0,0,0,0,0,0,0,0,0,0,06,073,009109
Census Tract 92.01; San Diego County; California,2040,207,69,239,141,1490,835,87,340,116,655,110,0,85,0,545,47,186,132,06,073,009201
Census Tract 92.03; San Diego County; California,1893,254,64,223,418,406,218,25,30,0,188,142,0,0,88,46,0,24,22,06,073,009203
Census Tract 92.04; San Diego County; California,1311,52,98,133,510,542,535,70,12,218,7,0,0,0,0,7,0,7,0,06,073,009204
Census Tract 93.01; San Diego County; California,1890,286,151,187,166,1104,811,156,323,212,293,41,0,9,32,252,0,90,97,06,073,009301
Census Tract 93.05; San Diego County; California,2080,353,211,272,367,598,469,20,143,34,129,129,0,0,129,0,0,0,0,06,073,009305
Census Tract 93.06; San Diego County; California,2168,237,413,278,275,988,655,27,127,154,333,104,0,90,14,229,0,116,56,06,073,009306
Census Tract 93.07; San Diego County; California,2402,481,258,138,146,106,69,0,0,0,37,0,0,0,0,37,0,36,1,06,073,009307
Census Tract 93.08; San Diego County; California,2156,286,226,237,114,344,248,0,0,25,96,0,0,0,0,96,0,0,0,06,073,009308
Census Tract 94; San Diego County; California,510,31,46,19,7,1025,905,53,294,256,120,67,0,33,29,53,7,9,6,06,073,009400
Census Tract 95.02; San Diego County; California,1555,197,206,338,111,853,780,30,193,123,73,59,0,41,18,14,0,7,7,06,073,009502
Census Tract 95.04; San Diego County; California,2121,78,87,205,1198,1657,1576,68,592,477,81,0,0,0,0,81,0,25,36,06,073,009504
Census Tract 95.05; San Diego County; California,2844,306,184,399,708,1227,1088,39,398,295,139,68,0,46,22,71,0,58,13,06,073,009505
Census Tract 95.06; San Diego County; California,1589,182,177,276,406,1159,1001,40,351,345,158,70,0,44,11,88,0,17,71,06,073,009506
Census Tract 95.07; San Diego County; California,1542,183,218,179,213,867,602,70,134,216,265,0,0,0,0,265,0,24,57,06,073,009507
Census Tract 95.09; San Diego County; California,2272,112,337,425,308,665,451,24,95,181,214,0,0,0,0,214,0,97,94,06,073,009509
Census Tract 95.10; San Diego County; California,1283,66,51,112,12,2367,1973,201,505,164,394,91,0,26,0,303,8,156,51,06,073,009510
Census Tract 95.11; San Diego County; California,901,69,52,31,23,2122,1995,56,751,500,127,0,0,0,0,127,0,69,23,06,073,009511
Census Tract 96.02; San Diego County; California,1519,153,184,314,223,647,626,182,240,96,21,21,0,8,13,0,0,0,0,06,073,009602
Census Tract 96.03; San Diego County; California,2912,349,187,190,83,856,636,94,297,69,220,0,0,0,0,220,0,41,96,06,073,009603
Census Tract 96.04; San Diego County; California,1380,139,125,77,187,565,422,25,118,164,143,54,0,25,14,89,0,58,18,06,073,009604
Census Tract 97.03; San Diego County; California,1232,167,105,203,127,564,528,12,214,97,36,7,0,0,7,29,0,11,18,06,073,009703
Census Tract 97.04; San Diego County; California,2713,322,397,455,337,1282,1137,61,276,253,145,67,0,46,21,78,0,0,78,06,073,009704
Census Tract 97.05; San Diego County; California,1388,114,120,206,385,613,496,31,169,191,117,106,0,48,58,11,0,0,0,06,073,009705
Census Tract 97.06; San Diego County; California,2533,293,118,360,817,1577,1078,113,438,231,499,88,0,0,20,411,0,121,203,06,073,009706
Census Tract 98.01; San Diego County; California,2090,230,130,235,456,878,836,11,230,265,42,42,0,0,42,0,0,0,0,06,073,009801
Census Tract 98.02; San Diego County; California,2382,275,162,299,227,1362,992,127,326,238,370,165,0,111,37,205,15,116,54,06,073,009802
Census Tract 98.04; San Diego County; California,1827,306,238,222,431,1235,1056,64,471,218,179,30,0,30,0,149,0,54,95,06,073,009804
Census Tract 98.05; San Diego County; California,1842,156,192,173,444,874,718,11,187,247,156,9,0,0,9,147,0,54,22,06,073,009805
Census Tract 99.01; San Diego County; California,4,4,0,0,0,0,0,0,0,0,0,0,0,0,0,0,0,0,0,06,073,009901
Census Tract 99.02; San Diego County; California,0,0,0,0,0,0,0,0,0,0,0,0,0,0,0,0,0,0,0,06,073,009902
Census Tract 100.01; San Diego County; California,1121,91,106,149,83,672,591,46,151,149,81,0,0,0,0,81,0,27,11,06,073,010001
Census Tract 100.03; San Diego County; California,1586,267,227,77,60,680,336,19,181,107,344,238,0,0,195,106,9,36,9,06,073,010003
Census Tract 100.04; San Diego County; California,1105,128,140,145,92,568,363,0,103,124,205,198,8,52,138,7,0,0,7,06,073,010004
Census Tract 100.05; San Diego County; California,2350,157,88,177,78,992,581,21,195,172,411,36,0,27,9,375,20,91,134,06,073,010005
Census Tract 100.09; San Diego County; California,1563,69,98,142,86,1124,954,95,268,286,170,47,0,0,0,123,0,37,71,06,073,010009
Census Tract 100.10; San Diego County; California,1619,129,68,70,33,949,422,1,115,234,527,0,0,0,0,527,49,167,272,06,073,010010
Census Tract 100.11; San Diego County; California,1050,94,52,246,58,914,829,44,233,352,85,61,0,26,5,24,0,12,7,06,073,010011
Census Tract 100.12; San Diego County; California,1243,113,53,136,73,1010,788,42,284,225,222,0,0,0,0,222,0,82,48,06,073,010012
Census Tract 100.13; San Diego County; California,1539,134,82,9,25,1333,1022,49,248,602,311,23,0,12,11,288,7,114,63,06,073,010013
Census Tract 100.15; San Diego County; California,1020,155,116,160,192,908,780,18,165,386,128,78,28,17,0,50,0,6,7,06,073,010015
Census Tract 100.16; San Diego County; California,0,0,0,0,0,0,0,0,0,0,0,0,0,0,0,0,0,0,0,06,073,010016
Census Tract 100.17; San Diego County; California,1575,207,182,196,176,1355,1211,143,425,368,144,0,0,0,0,144,0,0,80,06,073,010017
Census Tract 100.18; San Diego County; California,1943,260,181,176,209,1279,823,48,294,243,456,182,0,38,96,274,0,152,66,06,073,010018
Census Tract 100.19; San Diego County; California,1041,118,147,94,75,684,578,0,139,237,106,0,0,0,0,106,0,0,0,06,073,010019
Census Tract 101.03; San Diego County; California,2229,57,229,27,61,1003,627,11,136,348,376,11,0,0,0,365,0,129,111,06,073,010103
Census Tract 101.04; San Diego County; California,1123,117,95,150,51,523,286,13,60,137,237,114,0,27,87,123,0,89,34,06,073,010104
Census Tract 101.06; San Diego County; California,1380,113,86,68,0,933,545,46,130,301,388,43,0,0,0,345,24,144,107,06,073,010106
Census Tract 101.07; San Diego County; California,1727,230,70,156,55,828,566,11,227,307,262,113,0,22,22,149,0,22,102,06,073,010107
Census Tract 101.09; San Diego County; California,1229,151,62,202,99,872,787,20,29,674,85,12,0,12,0,73,0,0,73,06,073,010109
Census Tract 101.10; San Diego County; California,2110,146,155,294,17,1366,402,0,89,222,964,283,0,87,88,681,0,334,193,06,073,010110
Census Tract 101.11; San Diego County; California,874,17,106,29,37,771,287,9,69,158,484,14,0,9,0,470,0,75,266,06,073,010111
Census Tract 101.12; San Diego County; California,1531,88,37,16,35,1610,1153,29,470,464,457,41,0,0,41,416,45,196,103,06,073,010112
Census Tract 102.01; San Diego County; California,1124,176,51,100,79,413,264,32,51,0,149,37,0,0,37,112,0,24,88,06,073,010201
Census Tract 102.02; San Diego County; California,1396,141,103,90,247,771,359,0,99,166,412,157,0,98,59,255,27,101,77,06,073,010202
Census Tract 103; San Diego County; California,1451,138,53,108,74,823,587,80,120,249,236,48,10,9,19,188,38,32,89,06,073,010300
Census Tract 104.01; San Diego County; California,825,115,50,40,18,359,159,0,41,73,200,38,15,13,0,162,7,72,50,06,073,010401
Census Tract 104.02; San Diego County; California,1837,133,130,40,34,1265,773,34,352,207,492,105,0,35,44,387,0,176,109,06,073,010402
Census Tract 105.01; San Diego County; California,524,105,51,80,30,142,107,7,24,46,35,0,0,0,0,35,0,19,16,06,073,010501
Census Tract 105.02; San Diego County; California,2030,194,134,79,81,1182,626,13,179,93,556,358,59,125,144,198,0,43,133,06,073,010502
Census Tract 106.01; San Diego County; California,906,64,75,105,384,316,295,29,119,115,21,0,0,0,0,21,0,0,21,06,073,010601
Census Tract 108; San Diego County; California,921,190,38,56,280,521,470,22,177,228,51,27,0,7,20,24,0,0,24,06,073,010800
Census Tract 109; San Diego County; California,679,39,73,82,242,500,368,37,42,188,132,52,0,0,52,80,0,23,57,06,073,010900
Census Tract 110; San Diego County; California,1418,197,130,151,187,512,341,0,109,157,171,28,23,5,0,143,0,41,95,06,073,011000
Census Tract 111; San Diego County; California,1582,247,187,175,345,945,777,31,242,354,168,0,0,0,0,168,0,12,156,06,073,011100
Census Tract 113; San Diego County; California,25,0,10,7,3,39,26,0,14,7,13,0,0,0,0,13,0,4,5,06,073,011300
Census Tract 116.01; San Diego County; California,1673,127,110,0,0,1580,1051,12,455,381,529,8,0,0,8,521,8,205,146,06,073,011601
Census Tract 116.02; San Diego County; California,1261,46,64,0,32,865,494,6,54,83,371,53,0,17,9,318,0,86,232,06,073,011602
Census Tract 117; San Diego County; California,2440,87,52,11,76,1003,767,58,156,427,236,121,0,31,79,115,0,28,87,06,073,011700
Census Tract 118.01; San Diego County; California,1088,45,38,50,25,497,354,0,116,153,143,6,0,0,6,137,42,32,21,06,073,011801
Census Tract 118.02; San Diego County; California,1965,47,130,44,37,1428,895,69,298,438,533,122,0,29,69,411,21,146,166,06,073,011802
Census Tract 119.02; San Diego County; California,1796,207,74,140,151,607,417,24,184,129,190,83,0,16,67,107,62,0,25,06,073,011902
Census Tract 120.02; San Diego County; California,1309,66,14,0,32,605,149,0,51,74,456,48,0,23,0,408,0,154,220,06,073,012002
Census Tract 120.03; San Diego County; California,852,110,74,38,59,445,306,0,131,107,139,68,12,12,0,71,0,17,34,06,073,012003
Census Tract 121.01; San Diego County; California,655,79,58,32,43,138,131,16,30,61,7,0,0,0,0,7,0,0,7,06,073,012101
Census Tract 121.02; San Diego County; California,922,37,95,12,40,485,309,0,136,122,176,12,0,7,0,164,13,49,102,06,073,012102
Census Tract 122; San Diego County; California,944,110,16,61,49,735,365,22,101,194,370,105,21,7,59,265,26,118,91,06,073,012200
Census Tract 123.02; San Diego County; California,767,30,26,28,12,295,149,17,27,19,146,8,0,0,0,138,0,40,36,06,073,012302
Census Tract 123.03; San Diego County; California,1150,133,100,122,88,520,391,0,183,129,129,25,0,8,10,104,15,48,41,06,073,012303
Census Tract 123.04; San Diego County; California,1333,121,156,94,305,614,501,99,174,136,113,53,0,22,19,60,0,17,12,06,073,012304
Census Tract 124.01; San Diego County; California,1174,137,137,8,65,552,326,0,121,55,226,0,0,0,0,226,0,83,98,06,073,012401
Census Tract 124.02; San Diego County; California,1939,72,107,78,14,1421,1028,69,433,365,393,59,0,26,33,334,31,38,174,06,073,012402
Census Tract 125.01; San Diego County; California,1381,85,10,10,0,807,274,0,63,94,533,100,30,58,12,433,45,133,157,06,073,012501
Census Tract 125.02; San Diego County; California,1610,79,90,52,34,1137,760,79,351,165,377,17,0,0,17,360,42,164,103,06,073,012502
Census Tract 126; San Diego County; California,1580,221,40,111,94,1105,397,9,104,171,708,31,0,0,31,677,0,194,379,06,073,012600
Census Tract 127; San Diego County; California,1746,111,74,84,34,947,644,14,243,222,303,52,0,32,6,251,8,104,73,06,073,012700
Census Tract 128; San Diego County; California,1321,121,118,146,136,766,680,32,225,277,86,65,0,0,8,21,0,14,7,06,073,012800
Census Tract 129; San Diego County; California,1039,204,50,124,109,780,471,39,152,182,309,47,0,13,34,262,0,145,108,06,073,012900
Census Tract 130; San Diego County; California,1791,136,165,138,66,984,649,44,218,120,335,69,0,25,30,266,33,113,27,06,073,013000
Census Tract 131.02; San Diego County; California,2006,300,122,175,5,1447,937,53,199,282,510,117,34,0,38,393,63,204,58,06,073,013102
Census Tract 131.03; San Diego County; California,732,38,6,3,40,396,309,25,61,168,87,6,0,0,0,81,0,54,12,06,073,013103
Census Tract 131.04; San Diego County; California,1861,129,42,14,80,1357,957,59,312,277,400,157,0,19,14,243,8,77,131,06,073,013104
Census Tract 132.03; San Diego County; California,2082,81,156,87,75,1161,556,0,243,133,605,60,0,0,60,545,56,193,296,06,073,013203
Census Tract 132.04; San Diego County; California,1266,210,58,55,14,669,484,36,58,93,185,46,0,13,33,139,8,32,30,06,073,013204
Census Tract 132.05; San Diego County; California,682,74,44,18,45,520,308,13,137,104,212,31,5,0,5,181,0,76,105,06,073,013205
Census Tract 132.06; San Diego County; California,2256,157,148,22,4,1273,802,195,314,204,471,128,24,60,0,343,0,183,73,06,073,013206
Census Tract 133.01; San Diego County; California,1531,281,152,93,123,665,561,47,229,199,104,0,0,0,0,104,0,75,29,06,073,013301
Census Tract 133.02; San Diego County; California,1541,304,213,114,80,1075,930,56,409,441,145,49,0,24,7,96,0,44,44,06,073,013302
Census Tract 133.03; San Diego County; California,1423,132,75,93,68,863,567,40,177,227,296,126,0,55,71,170,10,68,92,06,073,013303
Census Tract 133.06; San Diego County; California,1153,159,89,134,82,943,620,50,164,250,323,21,0,0,21,302,21,130,53,06,073,013306
Census Tract 133.07; San Diego County; California,1332,104,105,128,58,1153,764,27,340,284,389,155,0,45,74,234,0,79,31,06,073,013307
Census Tract 133.08; San Diego County; California,994,144,98,42,0,839,565,7,247,235,274,63,0,49,14,211,10,50,82,06,073,013308
Census Tract 133.09; San Diego County; California,1903,359,275,415,155,953,874,36,406,376,79,18,0,9,9,61,0,11,37,06,073,013309
Census Tract 133.12; San Diego County; California,904,109,120,108,31,579,486,7,199,203,93,73,0,19,46,20,0,0,20,06,073,013312
Census Tract 133.15; San Diego County; California,1143,139,89,375,160,1108,1068,0,294,504,40,24,0,0,24,16,0,0,16,06,073,013315
Census Tract 133.16; San Diego County; California,2276,263,199,376,569,1856,1695,75,426,716,161,16,0,16,0,145,0,79,66,06,073,013316
Census Tract 133.17; San Diego County; California,3940,572,457,872,660,3297,2723,228,1059,634,574,29,0,0,0,545,31,147,284,06,073,013317
Census Tract 133.18; San Diego County; California,2124,332,322,546,289,1783,1319,39,414,699,464,145,145,0,0,319,57,128,121,06,073,013318
Census Tract 133.19; San Diego County; California,2120,274,711,167,273,1659,1396,58,501,447,263,114,0,27,87,149,0,60,89,06,073,013319
Census Tract 133.20; San Diego County; California,1973,73,427,506,155,2341,1952,108,668,606,389,101,0,82,19,288,0,50,107,06,073,013320
Census Tract 133.21; San Diego County; California,2201,203,335,342,454,2579,2290,95,801,983,289,126,0,0,0,163,0,54,79,06,073,013321
Census Tract 133.22; San Diego County; California,1139,177,54,90,565,1091,819,0,157,614,272,113,0,0,51,159,0,0,39,06,073,013322
Census Tract 133.23; San Diego County; California,2023,233,187,524,412,1440,1000,111,365,327,440,94,0,23,21,346,0,173,0,06,073,013323
Census Tract 133.24; San Diego County; California,732,364,32,28,45,889,132,0,0,82,757,0,0,0,0,757,0,361,396,06,073,013324
Census Tract 133.25; San Diego County; California,1710,92,195,214,59,1611,1183,0,483,411,428,0,0,0,0,428,0,163,265,06,073,013325
Census Tract 133.26; San Diego County; California,1113,73,70,339,335,413,343,0,94,162,70,70,0,0,70,0,0,0,0,06,073,013326
Census Tract 133.27; San Diego County; California,1749,293,299,588,69,1339,1056,0,240,429,283,0,0,0,0,283,0,105,0,06,073,013327
Census Tract 134.01; San Diego County; California,1342,127,185,296,113,937,928,37,252,301,9,0,0,0,0,9,0,9,0,06,073,013401
Census Tract 134.09; San Diego County; California,1969,203,274,143,232,1059,809,49,252,300,250,58,0,0,58,192,0,8,121,06,073,013409
Census Tract 134.11; San Diego County; California,1604,222,77,264,390,787,706,46,359,169,81,25,0,25,0,56,0,16,32,06,073,013411
Census Tract 134.12; San Diego County; California,1655,206,254,131,295,936,722,73,343,228,214,128,0,44,41,86,0,29,9,06,073,013412
Census Tract 134.14; San Diego County; California,2588,397,396,204,706,866,662,0,150,325,204,16,0,0,16,188,0,113,75,06,073,013414
Census Tract 134.15; San Diego County; California,447,44,73,54,97,170,165,0,60,74,5,0,0,0,0,5,0,0,5,06,073,013415
Census Tract 134.16; San Diego County; California,1283,245,155,132,175,842,720,47,279,256,122,46,0,10,36,76,0,76,0,06,073,013416
Census Tract 134.17; San Diego County; California,659,75,110,124,156,408,317,8,202,61,91,12,0,0,12,79,0,28,51,06,073,013417
Census Tract 134.18; San Diego County; California,2243,344,234,189,246,1260,821,19,302,339,439,343,0,90,180,96,0,23,23,06,073,013418
Census Tract 134.20; San Diego County; California,916,141,95,128,139,824,529,81,122,223,295,0,0,0,0,295,0,44,174,06,073,013420
Census Tract 134.21; San Diego County; California,1219,104,160,178,242,808,561,0,186,258,247,0,0,0,0,247,64,69,114,06,073,013421
Census Tract 134.22; San Diego County; California,1369,103,290,197,252,545,545,0,98,240,0,0,0,0,0,0,0,0,0,06,073,013422
Census Tract 134.23; San Diego County; California,991,84,152,66,182,702,621,82,203,189,81,81,0,81,0,0,0,0,0,06,073,013423
Census Tract 134.24; San Diego County; California,1909,306,190,311,492,1769,1639,104,369,447,130,58,0,0,58,72,0,0,72,06,073,013424
Census Tract 134.25; San Diego County; California,520,118,16,132,205,360,342,0,46,296,18,0,0,0,0,18,0,0,18,06,073,013425
Census Tract 135.03; San Diego County; California,1975,182,163,224,127,1406,848,66,227,328,558,71,0,0,63,487,0,262,72,06,073,013503
Census Tract 135.04; San Diego County; California,1272,156,200,176,179,611,530,27,202,232,81,0,0,0,0,81,0,0,42,06,073,013504
Census Tract 135.05; San Diego County; California,2063,273,212,256,211,1379,432,11,85,196,947,718,118,29,26,229,0,32,188,06,073,013505
Census Tract 135.06; San Diego County; California,1168,104,112,116,86,874,579,11,125,325,295,236,0,77,0,59,0,27,0,06,073,013506
Census Tract 136.01; San Diego County; California,2012,300,154,234,302,1378,767,10,152,235,611,59,0,30,11,552,0,114,243,06,073,013601
Census Tract 136.04; San Diego County; California,1998,313,38,377,275,1110,892,15,490,257,218,69,0,0,0,149,0,45,104,06,073,013604
Census Tract 136.05; San Diego County; California,2225,210,121,368,787,1247,1033,19,278,434,214,51,15,16,20,163,0,90,73,06,073,013605
Census Tract 136.07; San Diego County; California,1040,148,97,44,46,750,521,22,117,106,229,0,0,0,0,229,0,71,73,06,073,013607
Census Tract 136.08; San Diego County; California,1521,222,36,134,227,849,743,67,259,282,106,0,0,0,0,106,0,20,86,06,073,013608
Census Tract 137.01; San Diego County; California,852,103,94,118,131,297,263,0,68,163,34,6,0,0,6,28,9,0,19,06,073,013701
Census Tract 137.02; San Diego County; California,1616,142,169,123,162,1633,907,77,248,314,726,261,14,49,147,465,29,152,193,06,073,013702
Census Tract 138.01; San Diego County; California,1734,114,144,235,131,918,753,28,127,359,165,22,0,11,11,143,23,58,62,06,073,013801
Census Tract 138.02; San Diego County; California,870,94,74,48,22,854,697,6,190,225,157,29,0,13,10,128,0,13,85,06,073,013802
Census Tract 139.03; San Diego County; California,1264,148,218,74,132,478,395,0,167,160,83,33,0,0,15,50,0,21,29,06,073,013903
Census Tract 139.05; San Diego County; California,1275,158,169,287,87,1294,1165,0,383,365,129,69,0,11,23,60,0,34,9,06,073,013905
Census Tract 139.06; San Diego County; California,1711,181,147,46,142,819,573,0,245,106,246,16,0,16,0,230,0,30,137,06,073,013906
Census Tract 139.07; San Diego County; California,1333,75,81,16,53,941,480,21,197,107,461,172,8,45,49,289,8,104,129,06,073,013907
Census Tract 139.08; San Diego County; California,1208,69,224,93,46,959,493,0,183,219,466,24,11,0,0,442,0,159,177,06,073,013908
Census Tract 139.09; San Diego County; California,1559,126,104,149,335,732,666,16,273,232,66,6,0,0,0,60,0,45,15,06,073,013909
Census Tract 140.01; San Diego County; California,1565,146,155,106,116,800,584,0,110,275,216,0,0,0,0,216,0,126,90,06,073,014001
Census Tract 140.02; San Diego County; California,1192,109,74,187,31,615,330,0,119,139,285,83,0,0,83,202,0,45,157,06,073,014002
Census Tract 141.01; San Diego County; California,1212,94,118,106,95,585,424,19,186,127,161,43,0,0,37,118,0,60,12,06,073,014101
Census Tract 141.02; San Diego County; California,1086,106,25,146,71,890,644,0,173,335,246,175,0,8,167,71,0,24,31,06,073,014102
Census Tract 142; San Diego County; California,2034,280,283,330,81,1199,1031,58,272,372,168,52,21,15,5,116,0,33,43,06,073,014200
Census Tract 143; San Diego County; California,1263,139,136,107,16,822,693,48,317,209,129,0,0,0,0,129,13,66,37,06,073,014300
Census Tract 144; San Diego County; California,1945,136,96,9,0,1126,608,72,190,173,518,56,0,36,5,462,89,62,257,06,073,014400
Census Tract 145; San Diego County; California,1358,226,43,122,76,988,733,20,261,244,255,97,0,0,46,158,0,40,84,06,073,014500
Census Tract 146.01; San Diego County; California,2240,233,131,123,121,683,453,54,147,105,230,98,0,20,22,132,0,45,73,06,073,014601
Census Tract 146.02; San Diego County; California,1828,251,190,321,256,1373,1250,86,454,310,123,42,0,0,6,81,0,8,40,06,073,014602
Census Tract 147.01; San Diego County; California,1501,149,97,153,209,618,526,52,173,56,92,69,0,0,16,23,0,0,23,06,073,014701
Census Tract 147.02; San Diego County; California,1623,175,192,226,90,854,582,0,249,161,272,0,0,0,0,272,0,105,167,06,073,014702
Census Tract 148.03; San Diego County; California,2084,218,151,116,93,642,492,0,69,281,150,42,0,0,0,108,0,18,49,06,073,014803
Census Tract 148.04; San Diego County; California,1936,293,104,173,233,857,583,110,208,36,274,193,0,115,17,81,0,30,0,06,073,014804
Census Tract 148.05; San Diego County; California,1979,305,231,95,39,658,421,57,92,0,237,0,0,0,0,237,0,109,56,06,073,014805
Census Tract 148.06; San Diego County; California,1538,258,81,6,95,309,224,19,120,54,85,23,0,23,0,62,0,32,30,06,073,014806
Census Tract 149.01; San Diego County; California,1821,184,36,137,279,1033,720,9,222,174,313,90,33,53,4,223,0,28,89,06,073,014901
Census Tract 149.02; San Diego County; California,1369,174,55,101,59,367,204,5,60,71,163,74,0,10,37,89,0,13,50,06,073,014902
Census Tract 150.01; San Diego County; California,1545,123,65,202,293,838,703,6,219,134,135,0,0,0,0,135,0,0,18,06,073,015001
Census Tract 150.02; San Diego County; California,1192,89,0,57,0,269,49,0,13,12,220,71,0,47,0,149,0,111,38,06,073,015002
Census Tract 151; San Diego County; California,1759,228,84,193,171,1234,1063,107,294,302,171,111,0,8,89,60,0,40,0,06,073,015100
Census Tract 152; San Diego County; California,1413,130,263,199,423,468,440,36,82,232,28,8,0,0,8,20,0,10,10,06,073,015200
Census Tract 153.01; San Diego County; California,1136,144,106,66,77,717,518,0,135,192,199,12,0,0,0,187,0,90,46,06,073,015301
Census Tract 153.02; San Diego County; California,1532,163,131,155,370,657,574,36,205,145,83,48,7,31,0,35,0,29,6,06,073,015302
Census Tract 154.03; San Diego County; California,806,86,120,70,284,403,391,9,126,177,12,5,0,0,5,7,0,7,0,06,073,015403
Census Tract 154.05; San Diego County; California,1770,284,160,236,438,968,799,88,389,243,169,6,0,0,6,163,0,81,82,06,073,015405
Census Tract 154.06; San Diego County; California,828,116,103,96,253,484,464,14,128,212,20,10,0,10,0,10,0,10,0,06,073,015406
Census Tract 154.07; San Diego County; California,1303,74,27,49,0,1208,948,36,335,155,260,53,0,16,19,207,36,162,7,06,073,015407
Census Tract 154.08; San Diego County; California,1409,92,166,125,213,528,471,5,114,205,57,0,0,0,0,57,0,14,21,06,073,015408
Census Tract 155.01; San Diego County; California,1855,269,157,230,212,903,693,41,235,195,210,186,14,95,39,24,0,0,0,06,073,015501
Census Tract 155.02; San Diego County; California,985,103,116,130,161,598,420,28,105,164,178,11,0,0,11,167,0,32,80,06,073,015502
Census Tract 156.01; San Diego County; California,2102,196,143,96,213,1280,1239,51,230,459,41,20,0,20,0,21,0,21,0,06,073,015601
Census Tract 156.02; San Diego County; California,812,71,81,75,241,526,485,9,189,212,41,35,0,23,12,6,0,0,6,06,073,015602
Census Tract 157.01; San Diego County; California,2413,105,24,25,13,1830,828,30,160,297,1002,351,19,241,91,651,0,89,331,06,073,015701
Census Tract 157.04; San Diego County; California,1435,105,46,22,48,850,488,60,61,131,362,54,0,0,26,308,23,108,77,06,073,015704
Census Tract 157.05; San Diego County; California,1176,43,59,19,0,964,835,11,147,295,129,30,13,0,0,99,50,0,49,06,073,015705
Census Tract 157.06; San Diego County; California,823,8,0,19,0,767,687,89,119,330,80,0,0,0,0,80,0,0,80,06,073,015706
Census Tract 158.01; San Diego County; California,1485,101,8,30,22,1132,594,20,335,60,538,59,0,0,19,479,78,89,98,06,073,015801
Census Tract 158.02; San Diego County; California,1496,151,48,93,0,1029,775,103,236,233,254,41,0,24,17,213,15,19,99,06,073,015802
Census Tract 159.01; San Diego County; California,1044,81,122,11,0,1300,1011,99,353,235,289,0,0,0,0,289,14,108,129,06,073,015901
Census Tract 159.02; San Diego County; California,1872,107,95,86,43,1367,1002,61,456,197,365,0,0,0,0,365,0,63,238,06,073,015902
Census Tract 160; San Diego County; California,855,74,93,36,141,357,279,19,122,81,78,37,0,30,7,41,0,18,17,06,073,016000
Census Tract 161; San Diego County; California,2242,466,103,286,268,1349,1028,76,195,247,321,42,0,35,7,279,0,12,115,06,073,016100
Census Tract 162.01; San Diego County; California,1942,227,232,273,412,1127,844,64,281,257,283,91,0,0,40,192,0,166,26,06,073,016201
Census Tract 162.02; San Diego County; California,1545,163,70,57,62,1131,745,17,417,265,386,0,0,0,0,386,0,128,246,06,073,016202
Census Tract 163.01; San Diego County; California,1887,121,76,156,32,1382,504,0,201,179,878,30,0,9,11,848,0,376,354,06,073,016301
Census Tract 163.02; San Diego County; California,1875,91,114,132,62,1726,832,46,310,303,894,241,0,109,68,653,0,377,81,06,073,016302
Census Tract 164.01; San Diego County; California,1737,175,172,307,237,1035,858,45,294,248,177,56,15,0,41,121,0,46,52,06,073,016401
Census Tract 164.03; San Diego County; California,1723,78,141,170,265,1273,748,56,384,173,525,0,0,0,0,525,0,288,96,06,073,016403
Census Tract 164.04; San Diego County; California,956,32,33,0,12,631,87,0,0,87,544,32,0,0,32,512,0,127,385,06,073,016404
Census Tract 165.02; San Diego County; California,2559,161,43,93,168,2104,1199,40,323,386,905,148,0,84,64,757,86,129,344,06,073,016502
Census Tract 165.03; San Diego County; California,1019,145,126,70,40,763,656,56,190,155,107,38,0,19,0,69,0,7,62,06,073,016503
Census Tract 165.04; San Diego County; California,2386,191,94,108,80,918,657,51,148,165,261,73,0,37,36,188,0,76,63,06,073,016504
Census Tract 166.06; San Diego County; California,1312,141,181,216,228,772,756,27,270,160,16,0,0,0,0,16,0,0,16,06,073,016606
Census Tract 166.07; San Diego County; California,2370,462,160,564,252,1536,1029,47,243,459,507,333,0,208,0,174,0,27,35,06,073,016607
Census Tract 166.08; San Diego County; California,815,124,87,160,113,635,573,28,220,195,62,19,9,0,0,43,0,0,37,06,073,016608
Census Tract 166.09; San Diego County; California,1957,325,234,196,286,1138,949,0,351,339,189,11,0,11,0,178,0,70,36,06,073,016609
Census Tract 166.10; San Diego County; California,1523,191,128,171,136,1259,1042,20,398,306,217,16,0,0,16,201,0,90,29,06,073,016610
Census Tract 166.13; San Diego County; California,689,83,110,90,47,366,273,48,48,112,93,46,0,17,11,47,6,0,35,06,073,016613
Census Tract 166.14; San Diego County; California,1263,183,211,183,65,928,786,10,257,271,142,0,0,0,0,142,56,41,45,06,073,016614
Census Tract 166.15; San Diego County; California,1111,190,148,208,100,697,455,21,181,95,242,59,0,0,46,183,6,83,55,06,073,016615
Census Tract 166.16; San Diego County; California,1402,163,83,198,93,1046,772,33,183,354,274,123,0,33,90,151,0,87,64,06,073,016616
Census Tract 166.17; San Diego County; California,1604,109,76,130,19,558,414,41,119,107,144,18,0,18,0,126,27,22,26,06,073,016617
Census Tract 166.18; San Diego County; California,1496,257,54,315,18,832,564,40,75,191,268,49,0,0,0,219,69,81,69,06,073,016618
Census Tract 166.19; San Diego County; California,1795,136,24,190,70,521,381,23,77,69,140,53,0,53,0,87,0,0,87,06,073,016619
Census Tract 166.20; San Diego County; California,935,178,80,88,72,474,384,8,147,161,90,43,0,35,8,47,0,21,16,06,073,016620
Census Tract 166.21; San Diego County; California,1262,324,84,145,246,619,556,9,236,132,63,10,0,10,0,53,0,18,35,06,073,016621
Census Tract 167.03; San Diego County; California,1080,373,75,173,44,880,233,0,99,122,647,48,0,0,0,599,32,463,69,06,073,016703
Census Tract 167.04; San Diego County; California,2491,190,476,286,445,1988,1842,127,387,837,146,56,0,15,23,90,0,58,32,06,073,016704
Census Tract 167.05; San Diego County; California,1821,75,88,81,99,636,424,10,102,113,212,89,0,26,63,123,25,44,54,06,073,016705
Census Tract 167.06; San Diego County; California,925,129,36,146,147,784,593,82,95,319,191,147,0,0,147,44,0,0,44,06,073,016706
Census Tract 168.04; San Diego County; California,2764,214,255,240,189,1861,998,106,284,260,863,36,0,0,36,827,74,321,294,06,073,016804
Census Tract 168.06; San Diego County; California,1365,138,57,98,86,836,765,56,246,338,71,29,0,5,24,42,0,0,42,06,073,016806
Census Tract 168.07; San Diego County; California,2631,300,216,415,305,1353,1263,13,321,580,90,0,0,0,0,90,0,0,90,06,073,016807
Census Tract 168.09; San Diego County; California,1829,187,173,177,207,1321,988,24,323,377,333,16,0,0,16,317,0,63,148,06,073,016809
Census Tract 168.10; San Diego County; California,866,72,91,122,207,586,494,36,164,178,92,11,0,0,7,81,0,46,30,06,073,016810
Census Tract 168.11; San Diego County; California,1641,267,255,149,159,1026,985,87,372,413,41,0,0,0,0,41,0,0,0,06,073,016811
Census Tract 168.12; San Diego County; California,1368,88,215,87,174,453,369,181,77,90,84,84,0,19,65,0,0,0,0,06,073,016812
Census Tract 168.13; San Diego County; California,1156,78,75,134,248,439,439,0,188,159,0,0,0,0,0,0,0,0,0,06,073,016813
Census Tract 169.01; San Diego County; California,2400,359,233,494,183,1296,1221,9,181,496,75,47,0,24,0,28,0,0,0,06,073,016901
Census Tract 169.02; San Diego County; California,789,89,91,96,144,478,380,3,85,193,98,54,0,4,36,44,6,12,26,06,073,016902
Census Tract 170.06; San Diego County; California,1100,42,57,147,411,671,633,54,336,143,38,0,0,0,0,38,0,13,25,06,073,017006
Census Tract 170.09; San Diego County; California,1530,212,145,166,206,1051,854,39,358,167,197,109,0,64,45,88,0,10,66,06,073,017009
Census Tract 170.10; San Diego County; California,999,88,29,234,313,561,498,44,147,117,63,6,0,6,0,57,7,23,27,06,073,017010
Census Tract 170.14; San Diego County; California,1603,209,112,117,85,0,0,0,0,0,0,0,0,0,0,0,0,0,0,06,073,017014
Census Tract 170.18; San Diego County; California,1673,180,127,170,103,690,483,9,110,170,207,121,0,29,73,86,0,26,38,06,073,017018
Census Tract 170.20; San Diego County; California,1422,267,68,217,498,673,600,37,203,225,73,26,0,0,26,47,0,0,47,06,073,017020
Census Tract 170.21; San Diego County; California,1138,144,38,178,530,488,408,32,159,136,80,67,0,29,38,13,0,0,13,06,073,017021
Census Tract 170.22; San Diego County; California,2180,261,204,312,414,1230,1048,32,343,384,182,85,0,45,40,97,0,0,80,06,073,017022
Census Tract 170.31; San Diego County; California,1275,201,110,219,247,1011,887,113,286,220,124,24,0,8,0,100,0,19,45,06,073,017031
Census Tract 170.33; San Diego County; California,1781,142,159,298,591,1529,1349,77,499,250,180,77,0,32,45,103,0,21,74,06,073,017033
Census Tract 170.34; San Diego County; California,1880,272,163,305,323,1086,918,73,256,189,168,76,0,47,16,92,0,40,28,06,073,017034
Census Tract 170.35; San Diego County; California,1229,195,90,123,243,864,656,23,163,146,208,5,0,0,5,203,0,82,115,06,073,017035
Census Tract 170.36; San Diego County; California,1113,180,111,87,266,845,622,76,190,167,223,89,23,23,43,134,0,15,119,06,073,017036
Census Tract 170.37; San Diego County; California,1789,322,98,344,326,994,908,29,373,331,86,0,0,0,0,86,0,32,54,06,073,017037
Census Tract 170.39; San Diego County; California,2731,409,375,522,411,1614,1390,38,520,380,224,67,0,62,5,157,0,88,28,06,073,017039
Census Tract 170.40; San Diego County; California,1471,102,212,273,399,936,817,44,173,250,119,11,0,0,11,108,0,54,54,06,073,017040
Census Tract 170.41; San Diego County; California,1951,271,250,302,414,1212,998,67,425,163,214,118,0,66,52,96,0,43,37,06,073,017041
Census Tract 170.43; San Diego County; California,2132,365,87,407,669,1624,1476,14,791,359,148,106,0,38,68,42,0,15,15,06,073,017043
Census Tract 170.44; San Diego County; California,1820,222,212,256,771,1771,1450,101,591,399,321,92,0,73,19,229,0,47,175,06,073,017044
Census Tract 170.45; San Diego County; California,789,79,87,105,390,576,555,33,190,205,21,16,0,8,8,5,0,0,5,06,073,017045
Census Tract 170.46; San Diego County; California,1373,161,280,139,486,914,734,74,143,313,180,79,0,0,79,101,20,14,49,06,073,017046
Census Tract 170.47; San Diego County; California,1502,116,101,215,620,1229,1052,26,360,417,177,32,0,16,16,145,0,87,58,06,073,017047
Census Tract 170.48; San Diego County; California,2078,193,186,220,217,1286,941,51,379,238,345,171,0,83,46,174,40,40,94,06,073,017048
Census Tract 170.49; San Diego County; California,968,97,71,174,126,688,549,35,258,138,139,40,0,31,9,99,0,11,48,06,073,017049
Census Tract 170.50; San Diego County; California,1053,73,54,101,153,760,530,33,107,171,230,0,0,0,0,230,25,125,65,06,073,017050
Census Tract 170.51; San Diego County; California,2114,339,310,222,436,889,835,9,276,321,54,0,0,0,0,54,40,0,14,06,073,017051
Census Tract 170.52; San Diego County; California,2150,350,146,378,330,1001,987,44,284,330,14,0,0,0,0,14,0,0,14,06,073,017052
Census Tract 170.53; San Diego County; California,1155,116,53,155,481,688,607,59,237,205,81,37,0,23,14,44,0,0,44,06,073,017053
Census Tract 170.54; San Diego County; California,1950,143,157,361,469,1247,1170,82,496,268,77,58,0,34,13,19,0,9,10,06,073,017054
Census Tract 170.55; San Diego County; California,1863,268,264,313,542,1251,1008,65,462,267,243,69,0,0,69,174,0,44,35,06,073,017055
Census Tract 170.56; San Diego County; California,1766,345,108,206,197,806,632,13,267,210,174,65,22,16,27,109,0,50,43,06,073,017056
Census Tract 170.57; San Diego County; California,1519,129,130,278,429,815,793,80,294,291,22,0,0,0,0,22,0,0,22,06,073,017057
Census Tract 170.58; San Diego County; California,1845,133,156,288,430,748,544,0,180,45,204,57,0,35,22,147,0,21,126,06,073,017058
Census Tract 170.59; San Diego County; California,1574,175,106,140,207,377,240,40,53,141,137,0,0,0,0,137,0,50,87,06,073,017059
Census Tract 170.60; San Diego County; California,1310,123,104,259,285,428,428,25,188,123,0,0,0,0,0,0,0,0,0,06,073,017060
Census Tract 170.61; San Diego County; California,1308,88,158,59,627,720,646,44,141,370,74,0,0,0,0,74,0,24,50,06,073,017061
Census Tract 170.62; San Diego County; California,1489,66,25,186,867,1320,1100,66,418,426,220,116,0,0,116,104,0,0,20,06,073,017062
Census Tract 170.63; San Diego County; California,1656,31,375,240,314,915,825,49,370,151,90,0,0,0,0,90,0,0,90,06,073,017063
Census Tract 170.64; San Diego County; California,2318,87,469,351,1051,2362,2254,372,713,655,108,0,0,0,0,108,0,0,91,06,073,017064
Census Tract 170.65; San Diego County; California,2946,199,244,468,1302,3506,2296,263,666,349,1210,228,0,31,0,982,260,284,264,06,073,017065
Census Tract 170.66; San Diego County; California,1680,74,205,252,663,863,816,0,123,190,47,0,0,0,0,47,0,0,47,06,073,017066
Census Tract 170.67; San Diego County; California,812,44,53,90,385,680,585,48,193,212,95,0,0,0,0,95,0,0,58,06,073,017067
Census Tract 170.68; San Diego County; California,1778,142,305,220,382,1233,1088,24,426,351,145,25,0,0,0,120,0,16,62,06,073,017068
Census Tract 170.69; San Diego County; California,796,115,16,89,273,649,379,0,85,267,270,74,0,36,0,196,0,196,0,06,073,017069
Census Tract 170.70; San Diego County; California,1656,108,39,246,710,1697,1595,0,608,742,102,33,0,33,0,69,0,22,47,06,073,017070
Census Tract 170.71; San Diego County; California,1826,263,60,142,749,2220,2084,40,722,824,136,105,0,67,0,31,0,0,31,06,073,017071
Census Tract 171.04; San Diego County; California,1357,153,151,161,367,750,639,65,164,263,111,32,0,6,26,79,0,11,68,06,073,017104
Census Tract 171.06; San Diego County; California,1525,108,110,170,764,863,669,31,219,244,194,84,0,40,21,110,22,16,72,06,073,017106
Census Tract 171.07; San Diego County; California,1038,48,87,216,419,771,731,110,230,176,40,13,0,0,13,27,0,0,27,06,073,017107
Census Tract 171.08; San Diego County; California,1636,185,105,242,557,1008,935,81,347,217,73,12,0,0,12,61,0,12,37,06,073,017108
Census Tract 171.09; San Diego County; California,2106,82,115,216,1218,1576,1452,192,592,451,124,0,0,0,0,124,0,22,102,06,073,017109
Census Tract 171.11; San Diego County; California,1664,30,99,337,883,943,572,21,145,365,371,371,0,371,0,0,0,0,0,06,073,017111
Census Tract 171.12; San Diego County; California,698,81,97,157,256,674,613,34,239,219,61,61,0,21,40,0,0,0,0,06,073,017112
Census Tract 171.13; San Diego County; California,1812,95,87,173,546,1902,1639,92,456,745,263,117,0,64,53,146,0,15,131,06,073,017113
Census Tract 172.01; San Diego County; California,1100,72,80,116,525,175,158,0,83,75,17,0,0,0,0,17,0,0,17,06,073,017201
Census Tract 172.02; San Diego County; California,710,232,49,78,214,366,240,0,96,60,126,87,0,87,0,39,0,18,0,06,073,017202
Census Tract 173.03; San Diego County; California,1279,275,44,99,413,824,318,0,199,51,506,126,0,0,126,380,138,171,68,06,073,017303
Census Tract 173.05; San Diego County; California,1337,150,121,217,335,464,408,13,125,178,56,0,0,0,0,56,0,41,0,06,073,017305
Census Tract 173.06; San Diego County; California,989,68,46,124,451,403,301,0,61,118,102,0,0,0,0,102,0,0,102,06,073,017306
Census Tract 173.07; San Diego County; California,1000,148,108,72,298,414,352,5,64,68,62,0,0,0,0,62,6,26,30,06,073,017307
Census Tract 173.08; San Diego County; California,1112,79,21,76,293,682,571,84,254,167,111,74,0,38,36,37,0,0,0,06,073,017308
Census Tract 174.03; San Diego County; California,1895,174,139,362,581,726,634,26,383,171,92,0,0,0,0,92,0,92,0,06,073,017403
Census Tract 174.05; San Diego County; California,1384,151,88,176,322,1534,1427,61,403,425,107,14,0,0,14,93,0,39,54,06,073,017405
Census Tract 174.06; San Diego County; California,1299,106,80,95,456,513,428,0,82,74,85,49,0,0,49,36,0,12,0,06,073,017406
Census Tract 174.07; San Diego County; California,1239,168,87,215,411,657,506,5,141,249,151,96,0,0,96,55,0,27,28,06,073,017407
Census Tract 174.08; San Diego County; California,977,128,55,120,245,312,259,24,38,0,53,18,0,0,18,35,0,0,35,06,073,017408
Census Tract 175.01; San Diego County; California,1340,119,149,203,319,244,133,8,32,55,111,29,4,15,6,82,0,52,30,06,073,017501
Census Tract 175.02; San Diego County; California,1294,97,168,171,257,718,635,178,222,146,83,10,0,0,10,73,8,14,32,06,073,017502
Census Tract 176.01; San Diego County; California,2075,253,136,404,543,1000,950,35,338,347,50,0,0,0,0,50,0,25,12,06,073,017601
Census Tract 176.03; San Diego County; California,1038,85,64,169,394,606,554,3,124,270,52,30,10,0,20,22,0,0,0,06,073,017603
Census Tract 176.05; San Diego County; California,1382,148,20,48,493,919,894,33,362,320,25,0,0,0,0,25,0,0,25,06,073,017605
Census Tract 176.06; San Diego County; California,1560,112,66,113,303,485,207,9,98,26,278,88,0,0,46,190,19,0,171,06,073,017606
Census Tract 177.01; San Diego County; California,2322,342,236,300,601,1011,734,0,242,371,277,181,0,0,71,96,0,48,24,06,073,017701
Census Tract 177.02; San Diego County; California,1328,149,122,169,449,492,401,30,83,105,91,67,0,25,29,24,0,0,0,06,073,017702
Census Tract 178.01; San Diego County; California,2869,380,161,354,496,1364,681,0,296,303,683,134,0,22,35,549,25,83,274,06,073,017801
Census Tract 178.08; San Diego County; California,2409,302,172,267,887,1104,1021,51,389,509,83,0,0,0,0,83,24,10,49,06,073,017808
Census Tract 178.09; San Diego County; California,835,39,44,172,181,462,397,33,97,181,65,0,0,0,0,65,0,0,65,06,073,017809
Census Tract 178.10; San Diego County; California,2070,56,228,393,446,747,671,125,130,326,76,0,0,0,0,76,0,20,56,06,073,017810
Census Tract 178.11; San Diego County; California,2677,319,311,322,598,1382,1120,109,531,192,262,0,0,0,0,262,0,74,147,06,073,017811
Census Tract 178.13; San Diego County; California,1810,213,151,238,458,950,669,60,245,329,281,30,0,0,30,251,29,0,197,06,073,017813
Census Tract 179.01; San Diego County; California,1859,154,187,194,98,445,298,0,181,117,147,121,14,0,107,26,0,13,0,06,073,017901
Census Tract 179.02; San Diego County; California,1356,158,6,80,175,376,194,11,76,75,182,0,0,0,0,182,10,92,80,06,073,017902
Census Tract 180; San Diego County; California,1896,133,106,355,233,379,293,0,165,52,86,8,0,0,8,78,0,49,22,06,073,018000
Census Tract 181.01; San Diego County; California,1249,109,97,106,194,561,496,45,166,126,65,46,0,20,0,19,0,0,19,06,073,018101
Census Tract 181.02; San Diego County; California,1245,133,66,137,136,281,177,40,81,23,104,28,13,15,0,76,0,24,52,06,073,018102
Census Tract 182.01; San Diego County; California,1162,101,102,59,132,452,312,44,145,74,140,42,21,21,0,98,0,11,87,06,073,018201
Census Tract 182.02; San Diego County; California,1217,122,97,100,130,612,519,0,199,169,93,0,0,0,0,93,0,30,28,06,073,018202
Census Tract 183.01; San Diego County; California,548,97,33,30,74,33,33,0,9,24,0,0,0,0,0,0,0,0,0,06,073,018301
Census Tract 183.02; San Diego County; California,739,27,47,81,74,125,101,0,49,52,24,24,0,0,0,0,0,0,0,06,073,018302
Census Tract 184; San Diego County; California,1586,181,109,73,72,239,150,15,50,48,89,63,33,10,20,26,0,5,21,06,073,018400
Census Tract 185.04; San Diego County; California,2371,133,171,108,422,1472,1002,32,549,115,470,135,0,39,47,335,22,24,289,06,073,018504
Census Tract 185.09; San Diego County; California,1808,195,42,92,23,752,503,72,164,132,249,79,0,0,39,170,0,43,83,06,073,018509
Census Tract 185.10; San Diego County; California,1005,86,76,120,20,501,380,24,122,128,121,54,0,22,12,67,0,0,67,06,073,018510
Census Tract 185.11; San Diego County; California,1875,220,125,136,117,847,592,103,162,150,255,179,0,49,0,76,4,29,15,06,073,018511
Census Tract 185.12; San Diego County; California,2021,134,43,61,32,442,237,0,101,0,205,0,0,0,0,205,0,51,35,06,073,018512
Census Tract 185.15; San Diego County; California,1858,192,145,204,341,928,928,100,244,227,0,0,0,0,0,0,0,0,0,06,073,018515
Census Tract 185.16; San Diego County; California,1264,188,66,202,161,736,478,30,143,150,258,85,0,25,5,173,22,92,33,06,073,018516
Census Tract 185.17; San Diego County; California,1764,196,188,131,97,848,713,3,288,284,135,34,0,8,19,101,0,0,72,06,073,018517
Census Tract 185.18; San Diego County; California,924,51,98,118,111,691,435,21,89,231,256,20,0,6,14,236,0,82,95,06,073,018518
Census Tract 185.19; San Diego County; California,1386,107,122,130,115,1352,986,16,387,406,366,51,0,11,40,315,6,42,166,06,073,018519
Census Tract 185.20; San Diego County; California,1501,138,175,124,30,1199,991,42,604,140,208,28,0,0,28,180,0,56,71,06,073,018520
Census Tract 185.21; San Diego County; California,1469,165,61,176,297,927,678,0,223,214,249,27,0,0,9,222,0,75,46,06,073,018521
Census Tract 185.22; San Diego County; California,1600,48,231,322,218,1044,577,78,278,30,467,128,0,45,0,339,0,145,194,06,073,018522
Census Tract 185.23; San Diego County; California,2035,236,128,104,345,1070,897,101,235,429,173,26,0,26,0,147,0,71,76,06,073,018523
Census Tract 185.24; San Diego County; California,1359,89,78,189,151,950,558,0,114,398,392,0,0,0,0,392,27,124,135,06,073,018524
Census Tract 185.25; San Diego County; California,1440,199,89,319,401,719,398,39,124,211,321,37,0,37,0,284,0,84,183,06,073,018525
Census Tract 186.01; San Diego County; California,1469,229,223,225,199,1057,843,10,221,366,214,43,0,0,43,171,30,65,13,06,073,018601
Census Tract 186.08; San Diego County; California,987,121,146,135,159,607,498,38,122,200,109,105,0,0,0,4,0,0,4,06,073,018608
Census Tract 186.09; San Diego County; California,1878,227,176,239,63,1023,673,60,263,287,350,38,0,0,38,312,29,69,179,06,073,018609
Census Tract 186.12; San Diego County; California,1348,210,123,232,335,924,907,0,365,219,17,17,0,8,0,0,0,0,0,06,073,018612
Census Tract 186.13; San Diego County; California,1192,152,82,144,70,960,562,31,143,327,398,49,0,0,8,349,23,162,97,06,073,018613
Census Tract 186.15; San Diego County; California,870,30,69,20,17,1074,707,20,259,187,367,269,28,123,87,98,0,23,36,06,073,018615
Census Tract 186.16; San Diego County; California,1473,62,145,0,0,521,188,0,131,18,333,80,38,0,0,253,0,54,123,06,073,018616
Census Tract 186.17; San Diego County; California,945,129,69,188,143,572,371,27,129,164,201,141,0,88,53,60,0,0,48,06,073,018617
Census Tract 186.18; San Diego County; California,974,102,51,35,69,709,488,0,184,147,221,103,0,62,0,118,13,0,45,06,073,018618
Census Tract 186.19; San Diego County; California,1654,98,196,344,425,927,757,60,397,170,170,0,0,0,0,170,0,82,88,06,073,018619
Census Tract 186.20; San Diego County; California,616,84,67,57,23,251,130,0,46,84,121,121,0,33,58,0,0,0,0,06,073,018620
Census Tract 186.21; San Diego County; California,589,40,142,53,9,162,20,0,9,0,142,110,0,0,110,32,0,0,32,06,073,018621
Census Tract 186.22; San Diego County; California,1912,208,72,70,59,1318,306,62,62,84,1012,195,0,126,0,817,55,374,110,06,073,018622
Census Tract 187; San Diego County; California,7081,505,470,191,48,8642,8053,639,2497,1358,589,346,127,103,0,243,121,65,26,06,073,018700
Census Tract 188.01; San Diego County; California,1263,256,68,179,157,694,619,14,191,300,75,46,0,0,0,29,0,0,29,06,073,018801
Census Tract 188.03; San Diego County; California,1866,252,108,158,208,864,604,9,143,321,260,56,0,16,40,204,0,51,98,06,073,018803
Census Tract 188.04; San Diego County; California,1932,113,159,263,586,561,507,41,215,209,54,34,0,0,16,20,0,0,20,06,073,018804
Census Tract 188.05; San Diego County; California,1358,230,205,146,321,916,818,19,305,330,98,38,0,26,12,60,0,23,23,06,073,018805
Census Tract 189.03; San Diego County; California,1626,137,157,126,70,1305,1086,61,360,236,219,9,0,9,0,210,0,63,111,06,073,018903
Census Tract 189.04; San Diego County; California,1938,115,121,109,96,1421,1037,81,353,317,384,184,0,66,37,200,0,102,98,06,073,018904
Census Tract 189.05; San Diego County; California,1860,146,92,263,113,1123,669,40,116,306,454,102,0,21,21,352,19,162,19,06,073,018905
Census Tract 189.06; San Diego County; California,1988,286,101,136,141,1392,858,15,339,361,534,305,39,106,71,229,78,72,0,06,073,018906
Census Tract 190.01; San Diego County; California,2265,407,269,239,333,847,699,61,175,356,148,0,0,0,0,148,0,24,64,06,073,019001
Census Tract 190.02; San Diego County; California,1004,101,62,158,119,457,314,28,77,54,143,28,0,20,8,115,0,53,24,06,073,019002
Census Tract 191.03; San Diego County; California,1966,311,81,313,218,577,490,15,110,92,87,2,0,2,0,85,11,53,0,06,073,019103
Census Tract 191.05; San Diego County; California,2337,265,294,631,263,1094,1029,33,194,459,65,23,0,23,0,42,0,42,0,06,073,019105
Census Tract 191.07; San Diego County; California,748,70,59,124,117,475,325,0,175,71,150,104,0,22,40,46,4,9,25,06,073,019107
Census Tract 191.08; San Diego County; California,899,113,56,51,127,441,330,0,125,98,111,34,3,12,12,77,3,30,28,06,073,019108
Census Tract 191.09; San Diego County; California,1567,203,266,256,181,814,743,0,278,414,71,20,12,0,8,51,0,2,33,06,073,019109
Census Tract 191.10; San Diego County; California,1454,291,68,271,273,836,600,4,115,373,236,14,0,10,1,222,39,58,122,06,073,019110
Census Tract 191.11; San Diego County; California,1147,167,79,77,281,1404,1113,43,440,290,291,231,0,45,145,60,0,5,50,06,073,019111
Census Tract 192.03; San Diego County; California,860,128,141,181,73,507,444,18,95,218,63,35,0,5,30,28,7,0,4,06,073,019203
Census Tract 192.05; San Diego County; California,1868,154,165,146,76,667,388,61,130,129,279,78,0,78,0,201,0,21,172,06,073,019205
Census Tract 192.06; San Diego County; California,1260,239,105,65,121,1177,752,7,239,325,425,15,0,0,15,410,26,184,98,06,073,019206
Census Tract 192.08; San Diego County; California,1185,130,82,144,225,568,484,30,128,134,84,0,0,0,0,84,0,0,84,06,073,019208
Census Tract 192.09; San Diego County; California,1042,164,69,259,251,491,353,0,53,218,138,0,0,0,0,138,0,48,90,06,073,019209
Census Tract 192.10; San Diego County; California,1723,206,51,171,28,1182,772,52,239,237,410,179,0,0,51,231,0,108,60,06,073,019210
Census Tract 193.01; San Diego County; California,2233,137,257,264,468,1415,1216,8,284,399,199,67,0,35,32,132,0,78,0,06,073,019301
Census Tract 193.03; San Diego County; California,2672,192,293,331,499,1802,1139,76,276,416,663,227,36,59,46,436,0,333,93,06,073,019303
Census Tract 193.04; San Diego County; California,1124,130,89,149,134,643,586,16,131,211,57,11,0,0,11,46,18,0,0,06,073,019304
Census Tract 193.05; San Diego County; California,1770,225,139,143,140,592,393,0,85,142,199,129,0,0,0,70,0,8,16,06,073,019305
Census Tract 194.03; San Diego County; California,1824,276,272,212,133,853,579,0,224,219,274,102,0,45,23,172,0,56,116,06,073,019403
Census Tract 194.04; San Diego County; California,767,61,110,57,82,690,421,12,183,172,269,14,0,0,0,255,32,76,128,06,073,019404
Census Tract 194.05; San Diego County; California,1249,94,69,132,98,743,461,19,158,112,282,74,0,10,32,208,11,22,87,06,073,019405
Census Tract 194.06; San Diego County; California,1717,239,129,84,154,704,494,21,95,75,210,60,0,0,60,150,0,51,61,06,073,019406
Census Tract 195.01; San Diego County; California,821,125,24,32,0,1061,733,65,295,275,328,109,0,32,44,219,28,45,40,06,073,019501
Census Tract 195.02; San Diego County; California,1542,72,78,47,92,1537,1185,21,374,592,352,59,0,17,17,293,18,80,50,06,073,019502
Census Tract 195.03; San Diego County; California,1518,175,63,45,96,1302,835,40,312,250,467,66,0,45,0,401,20,122,139,06,073,019503
Census Tract 196.01; San Diego County; California,2051,249,158,311,303,1679,1328,130,428,451,351,44,0,9,8,307,0,0,227,06,073,019601
Census Tract 196.02; San Diego County; California,1626,199,94,131,260,1537,1338,0,431,618,199,14,0,6,8,185,0,50,96,06,073,019602
Census Tract 197.01; San Diego County; California,2546,358,202,185,294,1592,972,50,210,519,620,59,0,39,0,561,0,105,107,06,073,019701
Census Tract 197.02; San Diego County; California,1493,274,173,174,190,732,653,11,235,173,79,0,0,0,0,79,0,0,79,06,073,019702
Census Tract 198.03; San Diego County; California,2144,362,201,334,246,773,522,14,123,264,251,55,0,7,26,196,0,19,106,06,073,019803
Census Tract 198.04; San Diego County; California,1535,183,212,205,401,936,923,102,323,281,13,0,0,0,0,13,0,0,13,06,073,019804
Census Tract 198.05; San Diego County; California,1582,177,146,91,102,842,766,10,150,247,76,15,0,10,5,61,0,39,22,06,073,019805
Census Tract 198.08; San Diego County; California,2283,298,230,243,250,569,399,34,101,127,170,68,0,0,68,102,0,0,102,06,073,019808
Census Tract 198.09; San Diego County; California,1632,144,224,275,203,749,704,27,161,264,45,45,0,10,14,0,0,0,0,06,073,019809
Census Tract 198.10; San Diego County; California,2200,262,143,474,184,1991,1234,43,378,550,757,116,0,0,84,641,94,279,268,06,073,019810
Census Tract 198.11; San Diego County; California,2405,244,292,239,552,1380,893,24,101,270,487,313,0,313,0,174,0,58,0,06,073,019811
Census Tract 199.02; San Diego County; California,1244,264,44,49,156,1092,788,7,185,302,304,82,31,0,0,222,0,75,103,06,073,019902
Census Tract 199.03; San Diego County; California,1472,130,119,274,217,1036,781,60,225,233,255,33,0,22,0,222,0,85,89,06,073,019903
Census Tract 199.04; San Diego County; California,2401,254,147,323,213,939,638,66,345,135,301,51,0,0,35,250,13,51,13,06,073,019904
Census Tract 199.05; San Diego County; California,1932,209,246,227,242,1059,890,8,127,322,169,45,0,23,22,124,0,7,117,06,073,019905
Census Tract 200.15; San Diego County; California,2308,195,276,315,738,1238,1138,7,284,530,100,0,0,0,0,100,0,51,49,06,073,020015
Census Tract 200.17; San Diego County; California,981,80,32,0,53,526,268,0,127,104,258,211,0,159,52,47,0,24,23,06,073,020017
Census Tract 200.19; San Diego County; California,2897,316,124,434,372,1021,1009,32,256,492,12,0,0,0,0,12,0,12,0,06,073,020019
Census Tract 200.21; San Diego County; California,1609,133,134,323,92,1387,970,8,271,495,417,159,0,27,111,258,42,46,170,06,073,020021
Census Tract 200.23; San Diego County; California,1261,177,111,136,244,655,522,35,181,150,133,26,0,14,12,107,0,48,59,06,073,020023
Census Tract 200.24; San Diego County; California,1561,199,23,136,166,607,514,32,169,174,93,71,12,22,11,22,7,8,0,06,073,020024
Census Tract 200.25; San Diego County; California,1762,208,139,118,124,1127,785,89,267,232,342,120,0,42,78,222,25,40,97,06,073,020025
Census Tract 200.26; San Diego County; California,1628,336,119,272,220,690,605,14,164,212,85,13,0,8,5,72,10,47,15,06,073,020026
Census Tract 200.28; San Diego County; California,1126,124,48,0,0,1404,668,40,222,188,736,78,0,5,6,658,48,216,244,06,073,020028
Census Tract 200.29; San Diego County; California,2432,93,205,151,85,892,332,24,85,118,560,164,24,24,0,396,10,125,158,06,073,020029
Census Tract 200.30; San Diego County; California,2620,94,153,740,838,2325,2008,21,1095,768,317,0,0,0,0,317,0,229,88,06,073,020030
Census Tract 200.31; San Diego County; California,2285,292,201,336,468,2216,1564,211,563,557,652,0,0,0,0,652,0,122,482,06,073,020031
Census Tract 200.32; San Diego County; California,1380,128,90,199,508,700,534,45,89,287,166,84,0,42,42,82,0,0,82,06,073,020032
Census Tract 200.33; San Diego County; California,1765,277,222,165,351,736,519,57,158,124,217,0,0,0,0,217,0,95,91,06,073,020033
Census Tract 200.34; San Diego County; California,851,97,92,115,404,738,738,0,172,167,0,0,0,0,0,0,0,0,0,06,073,020034
Census Tract 200.35; San Diego County; California,2258,192,225,344,911,1913,1616,67,508,429,297,77,0,11,66,220,0,39,181,06,073,020035
Census Tract 200.36; San Diego County; California,1041,124,0,0,16,823,629,32,238,224,194,0,0,0,0,194,157,22,0,06,073,020036
Census Tract 200.37; San Diego County; California,1330,173,49,124,82,722,509,65,188,120,213,111,31,64,16,102,0,55,47,06,073,020037
Census Tract 200.38; San Diego County; California,1490,193,135,359,358,925,698,29,226,158,227,56,13,14,29,171,0,9,86,06,073,020038
Census Tract 200.39; San Diego County; California,534,55,95,47,95,383,383,0,127,129,0,0,0,0,0,0,0,0,0,06,073,020039
Census Tract 200.40; San Diego County; California,1532,165,70,250,468,901,829,96,280,239,72,0,0,0,0,72,0,72,0,06,073,020040
Census Tract 200.41; San Diego County; California,853,79,149,74,62,523,370,13,113,82,153,0,0,0,0,153,0,46,107,06,073,020041
Census Tract 200.42; San Diego County; California,1792,150,46,423,248,1248,829,0,319,319,419,0,0,0,0,419,0,72,256,06,073,020042
Census Tract 200.43; San Diego County; California,1716,120,188,301,723,1954,1806,130,760,531,148,0,0,0,0,148,26,47,75,06,073,020043
Census Tract 200.44; San Diego County; California,2627,217,84,403,980,2350,2098,62,728,507,252,34,0,0,34,218,0,218,0,06,073,020044
Census Tract 201.05; San Diego County; California,1561,167,134,222,101,564,488,0,259,81,76,69,0,0,0,7,0,0,0,06,073,020105
Census Tract 201.06; San Diego County; California,1051,56,144,95,147,605,508,52,78,178,97,22,0,0,22,75,0,8,67,06,073,020106
Census Tract 201.07; San Diego County; California,1353,191,148,156,90,1402,1032,48,169,183,370,42,0,35,7,328,27,8,199,06,073,020107
Census Tract 201.08; San Diego County; California,1567,181,42,63,68,954,581,0,273,184,373,62,0,0,62,311,27,75,50,06,073,020108
Census Tract 201.09; San Diego County; California,1348,212,154,169,77,833,460,17,135,130,373,168,12,16,140,205,0,42,102,06,073,020109
Census Tract 201.10; San Diego County; California,2464,522,235,343,339,1719,1436,53,619,458,283,187,20,55,112,96,0,0,0,06,073,020110
Census Tract 201.11; San Diego County; California,1305,124,109,113,279,614,614,15,140,122,0,0,0,0,0,0,0,0,0,06,073,020111
Census Tract 202.02; San Diego County; California,2179,49,103,36,20,1579,916,43,356,355,663,95,21,35,10,568,7,203,248,06,073,020202
Census Tract 202.06; San Diego County; California,1361,162,84,85,12,1201,821,55,270,322,380,66,9,9,48,314,0,165,127,06,073,020206
Census Tract 202.07; San Diego County; California,1629,63,54,4,42,1494,882,14,279,375,612,85,34,34,0,527,43,264,148,06,073,020207
Census Tract 202.08; San Diego County; California,765,86,45,138,24,469,302,0,71,163,167,77,0,0,0,90,0,75,15,06,073,020208
Census Tract 202.09; San Diego County; California,1789,159,63,22,11,1002,630,51,261,226,372,151,0,61,31,221,25,86,66,06,073,020209
Census Tract 202.10; San Diego County; California,1771,171,158,70,32,1155,860,46,203,381,295,183,0,70,20,112,0,0,112,06,073,020210
Census Tract 202.11; San Diego County; California,1989,142,118,98,112,954,627,39,236,206,327,46,0,0,0,281,0,166,60,06,073,020211
Census Tract 202.13; San Diego County; California,1264,92,61,22,11,1381,849,88,317,250,532,67,6,30,25,465,30,141,157,06,073,020213
Census Tract 202.14; San Diego County; California,1962,88,55,10,19,1199,704,22,170,316,495,80,0,0,80,415,11,215,105,06,073,020214
Census Tract 203.04; San Diego County; California,2233,394,222,419,453,1398,1273,20,407,361,125,67,0,17,50,58,0,16,42,06,073,020304
Census Tract 203.05; San Diego County; California,2256,249,256,204,361,844,647,135,154,206,197,101,47,47,7,96,0,69,0,06,073,020305
Census Tract 203.08; San Diego County; California,2999,190,93,73,50,1020,718,53,53,197,302,68,41,0,27,234,0,54,91,06,073,020308
Census Tract 203.09; San Diego County; California,1475,329,42,177,134,865,631,50,224,228,234,51,0,7,14,183,0,61,100,06,073,020309
Census Tract 203.10; San Diego County; California,2440,188,318,455,180,1902,1540,150,652,246,362,0,0,0,0,362,47,119,74,06,073,020310
Census Tract 203.11; San Diego County; California,1355,60,118,86,177,585,347,0,122,89,238,77,0,0,0,161,45,0,0,06,073,020311
Census Tract 203.12; San Diego County; California,1571,77,166,127,199,736,547,36,165,143,189,0,0,0,0,189,0,75,75,06,073,020312
Census Tract 203.13; San Diego County; California,1166,91,47,118,120,502,326,26,137,73,176,0,0,0,0,176,0,88,67,06,073,020313
Census Tract 204.01; San Diego County; California,860,78,113,63,297,308,276,0,97,65,32,0,0,0,0,32,0,16,16,06,073,020401
Census Tract 204.03; San Diego County; California,1295,255,97,162,133,701,541,15,186,185,160,119,14,10,62,41,0,11,30,06,073,020403
Census Tract 204.04; San Diego County; California,2064,215,83,213,416,862,538,21,149,212,324,189,23,53,66,135,17,61,57,06,073,020404
Census Tract 204.05; San Diego County; California,1263,127,153,120,394,621,440,10,187,154,181,119,0,32,87,62,0,0,35,06,073,020405
Census Tract 205; San Diego County; California,1412,154,93,49,135,736,405,35,77,244,331,73,0,47,0,258,0,113,95,06,073,020500
Census Tract 206.01; San Diego County; California,1885,199,58,91,55,1509,1220,10,398,465,289,119,41,0,78,170,0,45,58,06,073,020601
Census Tract 206.02; San Diego County; California,1989,139,185,161,85,1349,1056,54,461,260,293,77,0,18,30,216,0,61,55,06,073,020602
Census Tract 207.05; San Diego County; California,1297,153,169,238,218,627,557,13,145,260,70,25,0,0,25,45,0,30,15,06,073,020705
Census Tract 207.06; San Diego County; California,2192,204,0,415,676,1313,993,83,254,499,320,40,0,0,40,280,0,109,58,06,073,020706
Census Tract 207.07; San Diego County; California,1566,70,23,147,164,1347,861,87,272,184,486,192,0,81,52,294,29,108,124,06,073,020707
Census Tract 207.08; San Diego County; California,1249,37,119,235,218,607,490,0,210,173,117,103,45,44,14,14,0,14,0,06,073,020708
Census Tract 207.10; San Diego County; California,636,56,63,68,183,346,239,0,64,66,107,21,0,16,5,86,0,35,33,06,073,020710
Census Tract 207.11; San Diego County; California,1240,54,113,244,219,940,775,20,344,248,165,52,0,0,52,113,0,45,30,06,073,020711
Census Tract 207.12; San Diego County; California,1514,284,250,235,212,522,254,64,79,111,268,261,114,0,100,7,0,0,7,06,073,020712
Census Tract 208.01; San Diego County; California,1846,146,163,365,455,569,523,5,170,190,46,26,9,0,17,20,10,10,0,06,073,020801
Census Tract 208.05; San Diego County; California,1120,118,110,72,86,472,413,29,132,146,59,9,0,0,0,50,0,9,41,06,073,020805
Census Tract 208.06; San Diego County; California,2056,172,183,106,218,1150,878,48,442,122,272,49,0,11,0,223,17,100,85,06,073,020806
Census Tract 208.07; San Diego County; California,1046,116,160,122,173,406,336,13,143,116,70,62,0,0,0,8,0,0,8,06,073,020807
Census Tract 208.10; San Diego County; California,1659,313,183,369,306,946,888,60,330,235,58,50,0,33,0,8,0,0,8,06,073,020810
Census Tract 208.11; San Diego County; California,1977,347,261,423,297,1409,1167,66,369,549,242,108,0,46,23,134,0,73,31,06,073,020811
Census Tract 208.12; San Diego County; California,771,27,3,36,3,640,393,0,93,300,247,0,0,0,0,247,0,84,163,06,073,020812
Census Tract 208.13; San Diego County; California,1456,209,184,205,219,1207,871,0,318,503,336,324,0,65,0,12,12,0,0,06,073,020813
Census Tract 209.02; San Diego County; California,858,119,53,128,81,437,428,16,203,66,9,0,0,0,0,9,0,0,9,06,073,020902
Census Tract 209.03; San Diego County; California,1112,112,67,31,95,257,163,2,70,78,94,64,0,20,3,30,0,13,6,06,073,020903
Census Tract 209.04; San Diego County; California,1120,137,62,54,67,213,171,0,56,32,42,31,0,0,31,11,0,0,11,06,073,020904
Census Tract 210.01; San Diego County; California,939,31,42,0,0,156,156,0,24,0,0,0,0,0,0,0,0,0,0,06,073,021001
Census Tract 210.02; San Diego County; California,680,179,74,222,72,232,55,0,0,34,177,112,0,0,112,65,0,0,65,06,073,021002
Census Tract 211.01; San Diego County; California,1654,177,137,383,42,1249,1126,42,378,360,123,6,0,2,1,117,0,2,112,06,073,021101
Census Tract 211.02; San Diego County; California,947,153,0,52,50,286,163,0,31,91,123,79,0,30,35,44,0,4,22,06,073,021102
Census Tract 212.02; San Diego County; California,1153,159,117,133,103,643,481,88,141,148,162,13,0,0,13,149,3,65,47,06,073,021202
Census Tract 212.04; San Diego County; California,1939,313,143,269,513,925,835,79,293,233,90,90,0,42,25,0,0,0,0,06,073,021204
Census Tract 212.05; San Diego County; California,2549,259,209,279,285,1705,1201,98,353,441,504,268,0,63,90,236,15,108,77,06,073,021205
Census Tract 212.06; San Diego County; California,1236,103,177,201,289,685,522,46,148,227,163,42,0,9,0,121,0,44,77,06,073,021206
Census Tract 213.02; San Diego County; California,1448,286,104,270,152,1005,771,51,279,233,234,66,0,0,66,168,0,63,78,06,073,021302
Census Tract 213.04; San Diego County; California,958,95,178,159,291,578,578,25,121,147,0,0,0,0,0,0,0,0,0,06,073,021304
Census Tract 213.05; San Diego County; California,1287,218,68,145,285,481,469,0,246,144,12,0,0,0,0,12,0,0,12,06,073,021305
Census Tract 213.06; San Diego County; California,1542,87,139,237,639,1351,1266,29,497,650,85,0,0,0,0,85,0,39,0,06,073,021306
Census Tract 214.01; San Diego County; California,1406,219,114,128,200,1146,864,16,330,198,282,106,0,0,106,176,71,0,33,06,073,021401
Census Tract 214.02; San Diego County; California,1263,210,118,63,170,288,242,17,50,119,46,24,0,0,24,22,0,0,22,06,073,021402
Census Tract 215.01; San Diego County; California,1163,47,76,172,696,848,815,82,329,295,33,33,0,7,26,0,0,0,0,06,073,021501
Census Tract 215.02; San Diego County; California,2934,287,244,361,1143,2889,2547,97,962,1045,342,0,0,0,0,342,0,95,247,06,073,021502
Census Tract 216; San Diego County; California,816,143,45,68,130,527,467,65,118,84,60,0,0,0,0,60,0,29,12,06,073,021600
Census Tract 218; San Diego County; California,800,60,49,142,317,356,314,15,125,85,42,37,0,19,18,5,0,0,5,06,073,021800
Census Tract 219; San Diego County; California,699,58,12,20,16,573,266,15,72,154,307,17,0,17,0,290,29,133,69,06,073,021900
Census Tract 220; San Diego County; California,1601,116,89,8,11,812,498,44,132,97,314,131,21,21,38,183,11,85,65,06,073,022000
Census Tract 221.01; San Diego County; California,889,35,54,91,322,545,545,26,160,211,0,0,0,0,0,0,0,0,0,06,073,022101
Census Tract 221.02; San Diego County; California,2820,162,190,303,920,2357,1659,15,1042,503,698,75,10,55,10,623,0,399,210,06,073,022102
Census Tract 9901; San Diego County; California,0,0,0,0,0,0,0,0,0,0,0,0,0,0,0,0,0,0,0,06,073,990100
